No_Die,Datetime,Lot_Num,Wafer_Num,Etching_Chamber,Process 3,Thin F4,Thin F3,Thin F2,Thin F1,Temp_Etching,Source_Power,Selectivity
NOLSM111,17-02-2019 ?? 9:04:30,1,1,3,Etching,251,1606,3676,5756,70.878,50.851,1.047
NOLSM212,17-02-2019 ?? 9:04:30,1,2,2,Etching,317,1574,3657,5680,69.561,52.283,1.051
NOLSM313,17-02-2019 ?? 9:04:30,1,3,1,Etching,411,1321,3644,5715,70.968,51.61,1.017
NOLSM414,17-02-2019 ?? 9:04:30,1,4,1,Etching,256,1628,3628,5737,70.146,51.286,1.027
NOLSM515,17-02-2019 ?? 9:04:30,1,5,2,Etching,419,1598,3667,5720,71.174,51.996,1.05
NOLSM616,17-02-2019 ?? 9:04:30,1,6,3,Etching,359,1323,3644,5707,71.709,51.931,1.012
NOLSM717,17-02-2019 ?? 9:04:30,1,7,2,Etching,151,1389,3679,5700,71.354,51.446,1.034
NOLSM818,17-02-2019 ?? 9:04:30,1,8,1,Etching,316,1521,3653,5737,70.761,51.053,1.022
NOLSM919,17-02-2019 ?? 9:04:30,1,9,1,Etching,294,1425,3654,5717,71.716,51.209,1.039
NOLSM10110,17-02-2019 ?? 9:04:30,1,10,2,Etching,466,1603,3643,5703,69.948,50.944,1.024
NOLSM11111,17-02-2019 ?? 9:04:30,1,11,3,Etching,223,1393,3667,5688,70.61,51.473,1.048
NOLSM12112,17-02-2019 ?? 9:04:30,1,12,3,Etching,562,1377,3664,5730,71.067,51.129,1.043
NOLSM13113,17-02-2019 ?? 9:04:30,1,13,2,Etching,416,1597,3655,5728,69.934,51.099,1.023
NOLSM14114,17-02-2019 ?? 9:04:30,1,14,1,Etching,365,1484,3674,5733,72.593,50.252,1.024
NOLSM15115,17-02-2019 ?? 9:04:30,1,15,1,Etching,556,1619,3633,5744,71.754,52.645,1.038
NOLSM16116,17-02-2019 ?? 9:04:30,1,16,2,Etching,447,1490,3664,5732,71.441,51.015,1.027
NOLSM17117,17-02-2019 ?? 9:04:30,1,17,3,Etching,248,1576,3662,5700,71.163,50.547,1.009
NOLSM18118,17-02-2019 ?? 9:04:30,1,18,3,Etching,417,1607,3633,5704,70.345,50.843,1.015
NOLSM19119,17-02-2019 ?? 9:04:30,1,19,2,Etching,227,1418,3668,5701,69.832,51.609,1.011
NOLSM20120,17-02-2019 ?? 9:04:30,1,20,1,Etching,185,1630,3637,5728,71.606,51.027,1.024
NOLSM21121,17-02-2019 ?? 9:04:30,1,21,1,Etching,660,1511,3679,5732,71.068,50.653,1.029
NOLSM22122,17-02-2019 ?? 9:04:30,1,22,2,Etching,394,1562,3663,5733,69.362,51.252,1.026
NOLSM23123,17-02-2019 ?? 9:04:30,1,23,3,Etching,423,1526,3655,5688,72.506,50.769,1.044
NOLSM24124,17-02-2019 ?? 9:04:30,1,24,3,Etching,355,1523,3661,5688,71.744,50.936,1.06
NOLSM25125,17-02-2019 ?? 9:04:30,1,25,2,Etching,358,1437,3646,5702,71.199,51.446,1.024
NOLSM26126,17-02-2019 ?? 9:04:30,1,26,1,Etching,210,1671,3637,5710,71.553,50.168,1.011
NOLSM27127,17-02-2019 ?? 9:04:30,1,27,1,Etching,353,1576,3655,5704,69.65,51.216,1.053
NOLSM2821,18-02-2019 ?? 9:04:30,2,1,2,Etching,402,1399,3648,5735,70.341,51.052,1.06
NOLSM2922,18-02-2019 ?? 9:04:30,2,2,3,Etching,288,1457,3669,5712,71.972,52.479,1.042
NOLSM3023,18-02-2019 ?? 9:04:30,2,3,3,Etching,475,1425,3642,5712,71.448,51.337,1.016
NOLSM3124,18-02-2019 ?? 9:04:30,2,4,1,Etching,124,1571,3644,5705,71.456,50.466,1.04
NOLSM3225,18-02-2019 ?? 9:04:30,2,5,1,Etching,479,1655,3653,5687,71.025,50.813,1.034
NOLSM3326,18-02-2019 ?? 9:04:30,2,6,3,Etching,395,1259,3666,5729,71.306,51.814,1.02
NOLSM3427,18-02-2019 ?? 9:04:30,2,7,3,Etching,387,1531,3658,5708,71.297,50.787,1.031
NOLSM3528,18-02-2019 ?? 9:04:30,2,8,2,Etching,304,1555,3685,5693,70.839,50.837,1.028
NOLSM3629,18-02-2019 ?? 9:04:30,2,9,1,Etching,484,1604,3668,5694,69.835,52.027,1.04
NOLSM37210,18-02-2019 ?? 9:04:30,2,10,1,Etching,147,1492,3654,5716,70.848,51.578,1.001
NOLSM38211,18-02-2019 ?? 9:04:30,2,11,2,Etching,543,1349,3658,5709,70.915,51.108,1.036
NOLSM39212,18-02-2019 ?? 9:04:30,2,12,3,Etching,620,1462,3641,5734,69.914,51.379,1.037
NOLSM40213,18-02-2019 ?? 9:04:30,2,13,3,Etching,404,1499,3648,5725,70.941,51.727,1.045
NOLSM41214,18-02-2019 ?? 9:04:30,2,14,2,Etching,389,1522,3628,5738,71.774,51.297,1.054
NOLSM42215,18-02-2019 ?? 9:04:30,2,15,1,Etching,228,1219,3658,5717,69.947,51.177,1.019
NOLSM43216,18-02-2019 ?? 9:04:30,2,16,1,Etching,480,1382,3689,5722,71.607,50.932,1.034
NOLSM44217,18-02-2019 ?? 9:04:30,2,17,2,Etching,324,1624,3640,5743,71.176,52.269,1.032
NOLSM45218,18-02-2019 ?? 9:04:30,2,18,3,Etching,208,1474,3646,5737,70.758,51.796,1.008
NOLSM46219,18-02-2019 ?? 9:04:30,2,19,3,Etching,419,1528,3677,5728,70.973,51.77,1.012
NOLSM47220,18-02-2019 ?? 9:04:30,2,20,2,Etching,481,1479,3648,5710,71.049,51.212,1.024
NOLSM48221,18-02-2019 ?? 9:04:30,2,21,1,Etching,319,1676,3672,5722,70.119,51.77,1.033
NOLSM49222,18-02-2019 ?? 9:04:30,2,22,1,Etching,411,1499,3654,5732,72.115,50.716,1.037
NOLSM50223,18-02-2019 ?? 9:04:30,2,23,2,Etching,339,1407,3643,5711,70.245,50.29,1.017
NOLSM51224,18-02-2019 ?? 9:04:30,2,24,3,Etching,237,1375,3635,5722,70.437,50.087,1.027
NOLSM52225,18-02-2019 ?? 9:04:30,2,25,3,Etching,272,1485,3663,5716,70.888,51.091,1.014
NOLSM53226,18-02-2019 ?? 9:04:30,2,26,2,Etching,616,1374,3651,5724,70.392,50.488,1.056
NOLSM54227,18-02-2019 ?? 9:04:30,2,27,1,Etching,387,1678,3688,5705,72.489,51.776,1.034
NOLSM5531,19-02-2019 ?? 9:04:30,3,1,1,Etching,248,1557,3678,5683,72.076,51.556,1.057
NOLSM5632,19-02-2019 ?? 9:04:30,3,2,2,Etching,683,1546,3659,5717,71.472,51.805,1.033
NOLSM5733,19-02-2019 ?? 9:04:30,3,3,3,Etching,417,1455,3614,5717,70.563,51.521,1.039
NOLSM5834,19-02-2019 ?? 9:04:30,3,4,2,Etching,479,1466,3650,5741,71.001,51.364,1.034
NOLSM5935,19-02-2019 ?? 9:04:30,3,5,1,Etching,433,1466,3657,5724,69.269,51.915,1.03
NOLSM6036,19-02-2019 ?? 9:04:30,3,6,1,Etching,333,1695,3645,5726,70.209,51.41,1.035
NOLSM6137,19-02-2019 ?? 9:04:30,3,7,2,Etching,323,1427,3664,5685,69.944,50.735,1.016
NOLSM6238,19-02-2019 ?? 9:04:30,3,8,3,Etching,483,1426,3649,5724,69.75,50.183,1.028
NOLSM6339,19-02-2019 ?? 9:04:30,3,9,2,Etching,222,1497,3668,5723,71.255,50.189,1
NOLSM64310,19-02-2019 ?? 9:04:30,3,10,1,Etching,479,1551,3677,5713,70.109,50.147,1.05
NOLSM65311,19-02-2019 ?? 9:04:30,3,11,1,Etching,687,1324,3627,5699,70.977,50.912,1.024
NOLSM66312,19-02-2019 ?? 9:04:30,3,12,2,Etching,285,1567,3671,5710,72.053,51.963,1.046
NOLSM67313,19-02-2019 ?? 9:04:30,3,13,3,Etching,367,1553,3613,5687,70.353,53.272,1.034
NOLSM68314,19-02-2019 ?? 9:04:30,3,14,3,Etching,189,1456,3644,5716,71.594,50.718,1.049
NOLSM69315,19-02-2019 ?? 9:04:30,3,15,1,Etching,574,1459,3689,5697,69.995,52.102,1.033
NOLSM70316,19-02-2019 ?? 9:04:30,3,16,1,Etching,309,1529,3639,5702,71.335,50.724,1.037
NOLSM71317,19-02-2019 ?? 9:04:30,3,17,2,Etching,146,1395,3664,5718,71.135,50.849,1.023
NOLSM72318,19-02-2019 ?? 9:04:30,3,18,3,Etching,405,1470,3670,5724,71.021,51.179,1.062
NOLSM73319,19-02-2019 ?? 9:04:30,3,19,3,Etching,499,1448,3668,5717,71.413,51.177,1.037
NOLSM74320,19-02-2019 ?? 9:04:30,3,20,1,Etching,169,1312,3663,5724,70.41,51.828,1.033
NOLSM75321,19-02-2019 ?? 9:04:30,3,21,1,Etching,538,1522,3653,5723,70.518,51.486,1.029
NOLSM76322,19-02-2019 ?? 9:04:30,3,22,3,Etching,224,1469,3639,5702,70.874,51.429,1.044
NOLSM77323,19-02-2019 ?? 9:04:30,3,23,3,Etching,278,1711,3674,5731,70.992,50.959,1.027
NOLSM78324,19-02-2019 ?? 9:04:30,3,24,2,Etching,278,1526,3654,5713,71.921,51.516,1.037
NOLSM79325,19-02-2019 ?? 9:04:30,3,25,1,Etching,203,1501,3673,5720,71.077,51.937,1.017
NOLSM80326,19-02-2019 ?? 9:04:30,3,26,1,Etching,394,1604,3647,5741,69.979,51.255,1.028
NOLSM81327,19-02-2019 ?? 9:04:30,3,27,2,Etching,395,1445,3636,5764,72.843,51.506,1.007
NOLSM8241,20-02-2019 ?? 9:04:30,4,1,3,Etching,340,1601,3666,5709,69.932,50.963,1.027
NOLSM8342,20-02-2019 ?? 9:04:30,4,2,3,Etching,351,1687,3677,5732,72.414,50.936,1.041
NOLSM8443,20-02-2019 ?? 9:04:30,4,3,2,Etching,39,1410,3625,5720,72.35,50.145,0.99
NOLSM8544,20-02-2019 ?? 9:04:30,4,4,1,Etching,386,1413,3631,5701,70.872,52.023,1.015
NOLSM8645,20-02-2019 ?? 9:04:30,4,5,1,Etching,298,1612,3656,5715,71.361,51.378,1.042
NOLSM8746,20-02-2019 ?? 9:04:30,4,6,2,Etching,110,1520,3635,5716,70.291,51.374,1.025
NOLSM8847,20-02-2019 ?? 9:04:30,4,7,3,Etching,308,1510,3675,5717,71.39,51.573,1.039
NOLSM8948,20-02-2019 ?? 9:04:30,4,8,2,Etching,392,1456,3682,5714,69.909,50.945,1.038
NOLSM9049,20-02-2019 ?? 9:04:30,4,9,1,Etching,488,1416,3662,5713,70.856,51.698,1.037
NOLSM91410,20-02-2019 ?? 9:04:30,4,10,1,Etching,515,1494,3690,5694,71.276,51.168,1.05
NOLSM92411,20-02-2019 ?? 9:04:30,4,11,2,Etching,261,1300,3646,5723,70.278,50.748,1.051
NOLSM93412,20-02-2019 ?? 9:04:30,4,12,3,Etching,308,1615,3665,5719,71.591,50.612,1.044
NOLSM94413,20-02-2019 ?? 9:04:30,4,13,3,Etching,181,1296,3635,5712,70.223,50.932,1.058
NOLSM95414,20-02-2019 ?? 9:04:30,4,14,2,Etching,388,1488,3675,5727,71.498,51.579,1.021
NOLSM96415,20-02-2019 ?? 9:04:30,4,15,1,Etching,242,1469,3684,5716,71.558,50.9,1.038
NOLSM97416,20-02-2019 ?? 9:04:30,4,16,1,Etching,382,1495,3663,5727,72.509,50.65,1.027
NOLSM98417,20-02-2019 ?? 9:04:30,4,17,3,Etching,285,1507,3630,5718,72.434,50.433,1.047
NOLSM99418,20-02-2019 ?? 9:04:30,4,18,3,Etching,334,1295,3686,5688,72.783,51.061,1.045
NOLSM100419,20-02-2019 ?? 9:04:30,4,19,2,Etching,357,1411,3668,5720,72.288,50.875,1.036
NOLSM101420,20-02-2019 ?? 9:04:30,4,20,1,Etching,405,1584,3660,5732,70.823,50.187,1.036
NOLSM102421,20-02-2019 ?? 9:04:30,4,21,1,Etching,373,1385,3632,5744,68.61,51.038,1.07
NOLSM103422,20-02-2019 ?? 9:04:30,4,22,2,Etching,389,1373,3648,5707,68.215,51.024,1.045
NOLSM104423,20-02-2019 ?? 9:04:30,4,23,3,Etching,301,1434,3681,5723,70.769,51.312,1.027
NOLSM105424,20-02-2019 ?? 9:04:30,4,24,2,Etching,361,1532,3673,5701,71.02,51.082,1.05
NOLSM106425,20-02-2019 ?? 9:04:30,4,25,1,Etching,254,1412,3655,5748,70.076,50.464,1.015
NOLSM107426,20-02-2019 ?? 9:04:30,4,26,1,Etching,331,1494,3666,5729,70.284,51.916,1.042
NOLSM108427,20-02-2019 ?? 9:04:30,4,27,2,Etching,413,1519,3657,5733,71.439,51.98,1.045
NOLSM10951,21-02-2019 ?? 9:04:30,5,1,3,Etching,431,1761,3654,5713,71.672,50.522,1.038
NOLSM11052,21-02-2019 ?? 9:04:30,5,2,2,Etching,542,1508,3672,5703,70.494,50.114,1.028
NOLSM11153,21-02-2019 ?? 9:04:30,5,3,1,Etching,139,1558,3663,5722,68.85,51.053,1.064
NOLSM11254,21-02-2019 ?? 9:04:30,5,4,1,Etching,478,1358,3670,5704,69.606,51.317,1.048
NOLSM11355,21-02-2019 ?? 9:04:30,5,5,2,Etching,489,1552,3662,5702,70.172,51.528,1.034
NOLSM11456,21-02-2019 ?? 9:04:30,5,6,3,Etching,551,1507,3699,5684,70.712,51.122,1.044
NOLSM11557,21-02-2019 ?? 9:04:30,5,7,3,Etching,315,1560,3688,5742,70.795,51.131,1.035
NOLSM11658,21-02-2019 ?? 9:04:30,5,8,2,Etching,121,1605,3671,5717,69.468,51.951,1.019
NOLSM11759,21-02-2019 ?? 9:04:30,5,9,1,Etching,289,1662,3672,5712,71.293,51.856,1.007
NOLSM118510,21-02-2019 ?? 9:04:30,5,10,1,Etching,421,1464,3691,5699,69.722,50.874,1.042
NOLSM119511,21-02-2019 ?? 9:04:30,5,11,2,Etching,580,1593,3683,5715,69.98,50.826,1.028
NOLSM120512,21-02-2019 ?? 9:04:30,5,12,3,Etching,298,1320,3684,5704,71.553,51.98,1.005
NOLSM121513,21-02-2019 ?? 9:04:30,5,13,3,Etching,220,1489,3602,5737,70.388,50.448,1.022
NOLSM122514,21-02-2019 ?? 9:04:30,5,14,2,Etching,28,1376,3653,5717,69.352,50.88,1.059
NOLSM123515,21-02-2019 ?? 9:04:30,5,15,1,Etching,278,1476,3647,5708,70.919,50.58,1.024
NOLSM124516,21-02-2019 ?? 9:04:30,5,16,1,Etching,385,1485,3655,5734,71.883,50.859,1.038
NOLSM125517,21-02-2019 ?? 9:04:30,5,17,2,Etching,169,1523,3664,5708,70.497,51.628,1.027
NOLSM126518,21-02-2019 ?? 9:04:30,5,18,3,Etching,345,1433,3658,5713,70.278,51.436,1.035
NOLSM127519,21-02-2019 ?? 9:04:30,5,19,3,Etching,181,1347,3659,5703,70.938,51.553,1.051
NOLSM128520,21-02-2019 ?? 9:04:30,5,20,2,Etching,230,1508,3661,5706,70.906,51.745,1.01
NOLSM129521,21-02-2019 ?? 9:04:30,5,21,1,Etching,220,1313,3662,5699,72.843,51.147,1.03
NOLSM130522,21-02-2019 ?? 9:04:30,5,22,1,Etching,609,1525,3634,5751,71.108,50.614,1.029
NOLSM131523,21-02-2019 ?? 9:04:30,5,23,2,Etching,307,1458,3657,5700,71.219,51.523,1.013
NOLSM132524,21-02-2019 ?? 9:04:30,5,24,3,Etching,537,1461,3641,5692,71.092,50.679,1.03
NOLSM133525,21-02-2019 ?? 9:04:30,5,25,3,Etching,248,1597,3636,5714,71.186,51.128,1.032
NOLSM134526,21-02-2019 ?? 9:04:30,5,26,2,Etching,501,1521,3624,5712,71.554,50.902,1.022
NOLSM135527,21-02-2019 ?? 9:04:30,5,27,1,Etching,302,1553,3661,5705,69.23,51.433,0.984
NOLSM13661,22-02-2019 ?? 9:04:30,6,1,1,Etching,372,1450,3643,5717,72.26,51.496,1.047
NOLSM13762,22-02-2019 ?? 9:04:30,6,2,2,Etching,366,1534,3654,5699,71.193,50.583,1.04
NOLSM13863,22-02-2019 ?? 9:04:30,6,3,3,Etching,302,1603,3630,5714,71.658,51.022,1.01
NOLSM13964,22-02-2019 ?? 9:04:30,6,4,3,Etching,570,1423,3685,5703,71.529,52.353,1.033
NOLSM14065,22-02-2019 ?? 9:04:30,6,5,2,Etching,359,1522,3660,5715,70.417,51.564,1.032
NOLSM14166,22-02-2019 ?? 9:04:30,6,6,1,Etching,434,1477,3663,5718,71.32,50.952,1.037
NOLSM14267,22-02-2019 ?? 9:04:30,6,7,1,Etching,450,1448,3659,5735,72.141,50.637,1.021
NOLSM14368,22-02-2019 ?? 9:04:30,6,8,2,Etching,363,1519,3643,5689,70.271,52.233,1.021
NOLSM14469,22-02-2019 ?? 9:04:30,6,9,3,Etching,147,1470,3659,5714,70.401,51.138,1.011
NOLSM145610,22-02-2019 ?? 9:04:30,6,10,3,Etching,353,1489,3666,5723,70.567,51.015,1.013
NOLSM146611,22-02-2019 ?? 9:04:30,6,11,2,Etching,289,1537,3669,5707,72.355,50.9,1.031
NOLSM147612,22-02-2019 ?? 9:04:30,6,12,1,Etching,204,1636,3673,5669,71.359,51.322,1.042
NOLSM148613,22-02-2019 ?? 9:04:30,6,13,1,Etching,415,1635,3650,5698,70.016,50.579,1.041
NOLSM149614,22-02-2019 ?? 9:04:30,6,14,2,Etching,343,1495,3635,5718,69.634,51.285,1.013
NOLSM150615,22-02-2019 ?? 9:04:30,6,15,3,Etching,313,1402,3671,5692,71.823,50.58,1.034
NOLSM151616,22-02-2019 ?? 9:04:30,6,16,3,Etching,157,1343,3642,5711,70.944,51.155,1.026
NOLSM152617,22-02-2019 ?? 9:04:30,6,17,2,Etching,362,1487,3634,5737,70.467,51.33,1.024
NOLSM153618,22-02-2019 ?? 9:04:30,6,18,1,Etching,386,1242,3672,5719,69.779,51.833,1.035
NOLSM154619,22-02-2019 ?? 9:04:30,6,19,1,Etching,470,1520,3644,5718,68.809,50.716,1.037
NOLSM155620,22-02-2019 ?? 9:04:30,6,20,2,Etching,418,1524,3635,5710,71.225,51.285,1.039
NOLSM156621,22-02-2019 ?? 9:04:30,6,21,3,Etching,99,1570,3653,5715,72.395,50.909,1.014
NOLSM157622,22-02-2019 ?? 9:04:30,6,22,2,Etching,280,1271,3641,5703,70.481,50.32,0.987
NOLSM158623,22-02-2019 ?? 9:04:30,6,23,1,Etching,195,1436,3651,5704,71.438,50.623,1.01
NOLSM159624,22-02-2019 ?? 9:04:30,6,24,1,Etching,49,1398,3633,5724,71.532,50.292,1.04
NOLSM160625,22-02-2019 ?? 9:04:30,6,25,2,Etching,548,1406,3682,5720,71.573,50.69,1.016
NOLSM161626,22-02-2019 ?? 9:04:30,6,26,3,Etching,330,1575,3657,5701,71.271,51.365,1.064
NOLSM162627,22-02-2019 ?? 9:04:30,6,27,3,Etching,307,1591,3659,5687,71.035,51.542,1.046
NOLSM16371,23-02-2019 ?? 9:04:30,7,1,2,Etching,362,1555,3658,5684,72.388,51.396,1.025
NOLSM16472,23-02-2019 ?? 9:04:30,7,2,1,Etching,180,1438,3638,5720,72.414,50.402,1.042
NOLSM16573,23-02-2019 ?? 9:04:30,7,3,1,Etching,397,1530,3655,5713,71.499,51.124,1.034
NOLSM16674,23-02-2019 ?? 9:04:30,7,4,2,Etching,228,1479,3666,5697,68.897,51.159,1.025
NOLSM16775,23-02-2019 ?? 9:04:30,7,5,3,Etching,256,1483,3657,5703,69.714,51.613,1.026
NOLSM16876,23-02-2019 ?? 9:04:30,7,6,3,Etching,372,1546,3649,5719,71.319,51.801,1.072
NOLSM16977,23-02-2019 ?? 9:04:30,7,7,2,Etching,374,1518,3624,5686,70.351,51.802,1.046
NOLSM17078,23-02-2019 ?? 9:04:30,7,8,1,Etching,287,1411,3698,5709,70.462,52.084,1.038
NOLSM17179,23-02-2019 ?? 9:04:30,7,9,1,Etching,230,1442,3644,5716,70.864,51.429,1.025
NOLSM172710,23-02-2019 ?? 9:04:30,7,10,2,Etching,521,1493,3666,5746,70.464,51.041,1.016
NOLSM173711,23-02-2019 ?? 9:04:30,7,11,3,Etching,378,1586,3645,5705,71.565,50.771,1.023
NOLSM174712,23-02-2019 ?? 9:04:30,7,12,2,Etching,333,1598,3653,5716,71.418,51.229,1.047
NOLSM175713,23-02-2019 ?? 9:04:30,7,13,1,Etching,409,1421,3663,5726,70.726,51.76,1.008
NOLSM176714,23-02-2019 ?? 9:04:30,7,14,1,Etching,359,1339,3654,5716,69.644,51.526,1.026
NOLSM177715,23-02-2019 ?? 9:04:30,7,15,3,Etching,171,1312,3660,5721,69.784,50.415,1.043
NOLSM178716,23-02-2019 ?? 9:04:30,7,16,3,Etching,265,1428,3642,5692,70.47,51.062,1.037
NOLSM179717,23-02-2019 ?? 9:04:30,7,17,1,Etching,366,1284,3652,5724,69.714,52.005,1.041
NOLSM180718,23-02-2019 ?? 9:04:30,7,18,1,Etching,635,1484,3642,5723,71.678,51.297,1.023
NOLSM181719,23-02-2019 ?? 9:04:30,7,19,2,Etching,417,1562,3654,5723,71.108,51.82,1.041
NOLSM182720,23-02-2019 ?? 9:04:30,7,20,3,Etching,357,1482,3677,5740,69.37,51.096,1.022
NOLSM183721,23-02-2019 ?? 9:04:30,7,21,3,Etching,315,1520,3644,5699,70.939,51.357,1.033
NOLSM184722,23-02-2019 ?? 9:04:30,7,22,2,Etching,369,1284,3690,5729,72.38,50.795,1.037
NOLSM185723,23-02-2019 ?? 9:04:30,7,23,1,Etching,496,1511,3641,5737,69.226,50.722,1.027
NOLSM186724,23-02-2019 ?? 9:04:30,7,24,1,Etching,348,1429,3639,5710,69.731,50.691,1.048
NOLSM187725,23-02-2019 ?? 9:04:30,7,25,2,Etching,182,1516,3672,5698,70.799,50.982,1.004
NOLSM188726,23-02-2019 ?? 9:04:30,7,26,3,Etching,596,1449,3660,5743,71.364,50.746,1.039
NOLSM189727,23-02-2019 ?? 9:04:30,7,27,3,Etching,491,1598,3693,5740,69.199,51.267,1.038
NOLSM19081,24-02-2019 ?? 9:04:30,8,1,2,Etching,362,1531,3690,5718,70.938,51.7,1.032
NOLSM19182,24-02-2019 ?? 9:04:30,8,2,1,Etching,363,1373,3644,5726,70.42,51.753,1.007
NOLSM19283,24-02-2019 ?? 9:04:30,8,3,1,Etching,430,1429,3642,5713,71.804,51.214,1.042
NOLSM19384,24-02-2019 ?? 9:04:30,8,4,2,Etching,208,1474,3667,5717,72.665,51.976,1.003
NOLSM19485,24-02-2019 ?? 9:04:30,8,5,3,Etching,213,1549,3662,5712,72.487,50.941,1.02
NOLSM19586,24-02-2019 ?? 9:04:30,8,6,3,Etching,447,1510,3656,5714,70.598,51.878,1.02
NOLSM19687,24-02-2019 ?? 9:04:30,8,7,2,Etching,457,1432,3654,5693,72.771,51.995,1.059
NOLSM19788,24-02-2019 ?? 9:04:30,8,8,1,Etching,509,1345,3636,5698,70.127,51.007,1.039
NOLSM19889,24-02-2019 ?? 9:04:30,8,9,1,Etching,462,1471,3633,5707,72.067,51.012,1.031
NOLSM199810,24-02-2019 ?? 9:04:30,8,10,2,Etching,315,1381,3657,5722,71.605,50.806,1.063
NOLSM200811,24-02-2019 ?? 9:04:30,8,11,3,Etching,343,1564,3654,5704,71.254,51.148,1.037
NOLSM201812,24-02-2019 ?? 9:04:30,8,12,3,Etching,369,1601,3646,5699,71.551,51.23,1.02
NOLSM202813,24-02-2019 ?? 9:04:30,8,13,2,Etching,418,1431,3662,5695,70.397,51.179,1.01
NOLSM203814,24-02-2019 ?? 9:04:30,8,14,1,Etching,401,1451,3671,5703,71.25,52.514,1.076
NOLSM204815,24-02-2019 ?? 9:04:30,8,15,1,Etching,314,1518,3653,5736,71.096,51.129,1.026
NOLSM205816,24-02-2019 ?? 9:04:30,8,16,3,Etching,331,1359,3684,5735,70.583,50.646,1.028
NOLSM206817,24-02-2019 ?? 9:04:30,8,17,3,Etching,264,1443,3702,5728,71.727,51.146,1.035
NOLSM207818,24-02-2019 ?? 9:04:30,8,18,2,Etching,287,1445,3660,5724,69.297,51.531,1.002
NOLSM208819,24-02-2019 ?? 9:04:30,8,19,1,Etching,361,1455,3656,5714,70.934,51.142,1.032
NOLSM209820,24-02-2019 ?? 9:04:30,8,20,1,Etching,452,1522,3640,5730,71.382,51.039,1.042
NOLSM210821,24-02-2019 ?? 9:04:30,8,21,3,Etching,343,1380,3668,5694,71.149,50.15,1.039
NOLSM211822,24-02-2019 ?? 9:04:30,8,22,3,Etching,468,1536,3693,5700,72.08,50.514,0.996
NOLSM212823,24-02-2019 ?? 9:04:30,8,23,2,Etching,163,1435,3665,5738,69.897,50.484,1.023
NOLSM213824,24-02-2019 ?? 9:04:30,8,24,1,Etching,351,1415,3636,5707,70.2,51.514,1.024
NOLSM214825,24-02-2019 ?? 9:04:30,8,25,1,Etching,378,1382,3643,5715,70.456,51.895,1.03
NOLSM215826,24-02-2019 ?? 9:04:30,8,26,2,Etching,364,1526,3644,5720,70.417,51.47,1.025
NOLSM216827,24-02-2019 ?? 9:04:30,8,27,3,Etching,241,1443,3641,5728,71.754,52.099,1.028
NOLSM21791,25-02-2019 ?? 9:04:30,9,1,3,Etching,466,1635,3636,5724,71.303,51.381,1.01
NOLSM21892,25-02-2019 ?? 9:04:30,9,2,2,Etching,247,1628,3644,5707,72.657,51.998,1.028
NOLSM21993,25-02-2019 ?? 9:04:30,9,3,1,Etching,400,1393,3703,5717,71.868,51.124,1.029
NOLSM22094,25-02-2019 ?? 9:04:30,9,4,1,Etching,465,1526,3661,5701,71.04,51.657,1.051
NOLSM22195,25-02-2019 ?? 9:04:30,9,5,2,Etching,485,1574,3659,5693,72.59,51.409,1.047
NOLSM22296,25-02-2019 ?? 9:04:30,9,6,3,Etching,489,1654,3659,5724,70.283,51.824,1.032
NOLSM22397,25-02-2019 ?? 9:04:30,9,7,3,Etching,368,1464,3655,5731,71.406,51.159,1.022
NOLSM22498,25-02-2019 ?? 9:04:30,9,8,1,Etching,251,1521,3645,5725,71.876,51.545,1.032
NOLSM22599,25-02-2019 ?? 9:04:30,9,9,1,Etching,413,1705,3638,5709,71.416,51.123,1.028
NOLSM226910,25-02-2019 ?? 9:04:30,9,10,2,Etching,318,1457,3663,5724,69.84,51.573,1.042
NOLSM227911,25-02-2019 ?? 9:04:30,9,11,3,Etching,150,1439,3671,5704,69.267,50.843,1.05
NOLSM228912,25-02-2019 ?? 9:04:30,9,12,3,Etching,566,1479,3674,5746,71.324,50.629,1.062
NOLSM229913,25-02-2019 ?? 9:04:30,9,13,2,Etching,341,1580,3650,5723,72.201,50.872,1.047
NOLSM230914,25-02-2019 ?? 9:04:30,9,14,1,Etching,287,1545,3671,5701,71.545,50.574,1.026
NOLSM231915,25-02-2019 ?? 9:04:30,9,15,1,Etching,434,1533,3643,5692,71.879,51.451,1.023
NOLSM232916,25-02-2019 ?? 9:04:30,9,16,2,Etching,223,1520,3677,5715,70.915,51.24,1.034
NOLSM233917,25-02-2019 ?? 9:04:30,9,17,3,Etching,454,1353,3673,5704,70.644,50.98,1.023
NOLSM234918,25-02-2019 ?? 9:04:30,9,18,3,Etching,436,1597,3627,5698,70.334,50.779,1.008
NOLSM235919,25-02-2019 ?? 9:04:30,9,19,2,Etching,210,1399,3653,5718,71.72,49.6,1.046
NOLSM236920,25-02-2019 ?? 9:04:30,9,20,1,Etching,379,1475,3652,5710,72.335,51.124,1.04
NOLSM237921,25-02-2019 ?? 9:04:30,9,21,1,Etching,148,1454,3723,5719,71.233,50.985,0.99
NOLSM238922,25-02-2019 ?? 9:04:30,9,22,2,Etching,385,1517,3681,5693,69.67,51.514,1.047
NOLSM239923,25-02-2019 ?? 9:04:30,9,23,3,Etching,330,1460,3659,5729,71.406,50.324,1.027
NOLSM240924,25-02-2019 ?? 9:04:30,9,24,2,Etching,226,1496,3633,5699,69.706,50.756,1.031
NOLSM241925,25-02-2019 ?? 9:04:30,9,25,1,Etching,181,1584,3656,5706,70.399,52.379,1.022
NOLSM242926,25-02-2019 ?? 9:04:30,9,26,1,Etching,301,1429,3672,5694,70.657,51.465,1.026
NOLSM243927,25-02-2019 ?? 9:04:30,9,27,2,Etching,496,1385,3691,5721,68.921,52.141,1.057
NOLSM244101,26-02-2019 ?? 9:04:30,10,1,3,Etching,254,1497,3676,5745,70.732,50.267,1.033
NOLSM245102,26-02-2019 ?? 9:04:30,10,2,3,Etching,431,1711,3629,5692,71.555,50.749,1.034
NOLSM246103,26-02-2019 ?? 9:04:30,10,3,2,Etching,524,1371,3670,5715,72.093,51.332,1.026
NOLSM247104,26-02-2019 ?? 9:04:30,10,4,1,Etching,218,1305,3654,5719,70.838,51.547,1.056
NOLSM248105,26-02-2019 ?? 9:04:30,10,5,1,Etching,130,1512,3635,5727,70.163,51.008,1.032
NOLSM249106,26-02-2019 ?? 9:04:30,10,6,3,Etching,308,1592,3680,5709,72.304,51.207,1.032
NOLSM250107,26-02-2019 ?? 9:04:30,10,7,3,Etching,313,1575,3657,5695,69.559,52.078,1.022
NOLSM251108,26-02-2019 ?? 9:04:30,10,8,2,Etching,330,1427,3665,5691,71.345,50.984,1.023
NOLSM252109,26-02-2019 ?? 9:04:30,10,9,1,Etching,417,1344,3657,5694,72.284,50.597,1.045
NOLSM2531010,26-02-2019 ?? 9:04:30,10,10,1,Etching,317,1474,3641,5728,70.405,52.133,1.042
NOLSM2541011,26-02-2019 ?? 9:04:30,10,11,3,Etching,476,1466,3660,5722,71.455,51.647,1.021
NOLSM2551012,26-02-2019 ?? 9:04:30,10,12,2,Etching,479,1517,3666,5697,71.927,50.861,1.063
NOLSM2561013,26-02-2019 ?? 9:04:30,10,13,1,Etching,419,1472,3658,5727,71.265,51.036,1.024
NOLSM2571014,26-02-2019 ?? 9:04:30,10,14,1,Etching,314,1683,3651,5732,71.241,51.884,1.03
NOLSM2581015,26-02-2019 ?? 9:04:30,10,15,2,Etching,340,1458,3644,5709,71.52,50.234,1.026
NOLSM2591016,26-02-2019 ?? 9:04:30,10,16,3,Etching,462,1387,3687,5715,70.756,52.004,1.045
NOLSM2601017,26-02-2019 ?? 9:04:30,10,17,3,Etching,231,1554,3680,5692,70.204,51.444,1.032
NOLSM2611018,26-02-2019 ?? 9:04:30,10,18,2,Etching,408,1568,3675,5721,70.253,50.176,1.028
NOLSM2621019,26-02-2019 ?? 9:04:30,10,19,1,Etching,317,1500,3664,5707,69.549,50.507,1.048
NOLSM2631020,26-02-2019 ?? 9:04:30,10,20,1,Etching,291,1380,3637,5698,70.804,50.491,1.022
NOLSM2641021,26-02-2019 ?? 9:04:30,10,21,2,Etching,376,1692,3672,5696,68.72,50.573,1.036
NOLSM2651022,26-02-2019 ?? 9:04:30,10,22,3,Etching,324,1513,3650,5727,70.728,50.428,1.044
NOLSM2661023,26-02-2019 ?? 9:04:30,10,23,3,Etching,392,1346,3657,5710,71.42,51.171,1.042
NOLSM2671024,26-02-2019 ?? 9:04:30,10,24,2,Etching,422,1306,3633,5702,71.777,50.628,1.05
NOLSM2681025,26-02-2019 ?? 9:04:30,10,25,1,Etching,177,1495,3629,5712,71.626,52.309,1.037
NOLSM2691026,26-02-2019 ?? 9:04:30,10,26,1,Etching,288,1268,3655,5721,70.099,50.464,1.027
NOLSM2701027,26-02-2019 ?? 9:04:30,10,27,2,Etching,353,1417,3667,5713,72.147,51.299,1.05
NOLSM271111,27-02-2019 ?? 9:04:30,11,1,3,Etching,398,1662,3692,5726,71.046,51.921,1.037
NOLSM272112,27-02-2019 ?? 9:04:30,11,2,3,Etching,330,1398,3661,5740,69.857,51.765,1.031
NOLSM273113,27-02-2019 ?? 9:04:30,11,3,2,Etching,324,1513,3654,5719,71.155,50.249,1.021
NOLSM274114,27-02-2019 ?? 9:04:30,11,4,1,Etching,146,1274,3658,5714,71.468,51.218,1.038
NOLSM275115,27-02-2019 ?? 9:04:30,11,5,1,Etching,319,1454,3626,5733,72.336,51.049,1.025
NOLSM276116,27-02-2019 ?? 9:04:30,11,6,2,Etching,239,1442,3657,5718,70.998,51.384,1.038
NOLSM277117,27-02-2019 ?? 9:04:30,11,7,3,Etching,457,1462,3660,5714,71.086,51.109,1
NOLSM278118,27-02-2019 ?? 9:04:30,11,8,3,Etching,354,1476,3664,5701,71.673,50.506,1.011
NOLSM279119,27-02-2019 ?? 9:04:30,11,9,2,Etching,563,1422,3642,5717,72.019,51.261,1.036
NOLSM2801110,27-02-2019 ?? 9:04:30,11,10,1,Etching,176,1301,3658,5709,69.699,50.194,1.046
NOLSM2811111,27-02-2019 ?? 9:04:30,11,11,1,Etching,415,1644,3653,5692,70.824,50.202,1.038
NOLSM2821112,27-02-2019 ?? 9:04:30,11,12,2,Etching,495,1426,3622,5714,71.286,51.207,1.019
NOLSM2831113,27-02-2019 ?? 9:04:30,11,13,3,Etching,269,1602,3650,5713,70.004,51.743,1.017
NOLSM2841114,27-02-2019 ?? 9:04:30,11,14,3,Etching,413,1541,3651,5741,71.889,51.542,1.038
NOLSM2851115,27-02-2019 ?? 9:04:30,11,15,2,Etching,514,1539,3639,5729,70.13,52.105,1.018
NOLSM2861116,27-02-2019 ?? 9:04:30,11,16,1,Etching,391,1502,3620,5713,70.058,50.382,1.045
NOLSM2871117,27-02-2019 ?? 9:04:30,11,17,1,Etching,284,1518,3664,5702,70.779,50.881,1.049
NOLSM2881118,27-02-2019 ?? 9:04:30,11,18,2,Etching,304,1544,3625,5728,69.405,51.062,1.037
NOLSM2891119,27-02-2019 ?? 9:04:30,11,19,3,Etching,433,1564,3655,5703,70.257,50.852,1.043
NOLSM2901120,27-02-2019 ?? 9:04:30,11,20,3,Etching,233,1461,3677,5682,69.975,49.761,1.031
NOLSM2911121,27-02-2019 ?? 9:04:30,11,21,2,Etching,240,1559,3656,5703,71.409,50.3,1.026
NOLSM2921122,27-02-2019 ?? 9:04:30,11,22,1,Etching,319,1534,3652,5714,70.714,51.655,1.017
NOLSM2931123,27-02-2019 ?? 9:04:30,11,23,1,Etching,589,1507,3674,5703,70.486,51.103,0.995
NOLSM2941124,27-02-2019 ?? 9:04:30,11,24,3,Etching,363,1454,3645,5721,72.56,51.145,1.017
NOLSM2951125,27-02-2019 ?? 9:04:30,11,25,3,Etching,315,1507,3711,5706,69.953,50.082,1.036
NOLSM2961126,27-02-2019 ?? 9:04:30,11,26,2,Etching,573,1365,3651,5719,70.179,51.018,1.009
NOLSM2971127,27-02-2019 ?? 9:04:30,11,27,1,Etching,422,1512,3624,5741,70.994,51.192,1.012
NOLSM298121,28-02-2019 ?? 9:04:30,12,1,1,Etching,13,1417,3665,5707,73.064,51.037,1.019
NOLSM299122,28-02-2019 ?? 9:04:30,12,2,3,Etching,288,1639,3693,5715,69.676,51.752,1.035
NOLSM300123,28-02-2019 ?? 9:04:30,12,3,3,Etching,308,1609,3648,5685,69.441,51.497,1.032
NOLSM301124,28-02-2019 ?? 9:04:30,12,4,2,Etching,398,1537,3674,5726,71.211,50.803,1.04
NOLSM302125,28-02-2019 ?? 9:04:30,12,5,1,Etching,456,1376,3638,5728,70.614,51.156,1.01
NOLSM303126,28-02-2019 ?? 9:04:30,12,6,1,Etching,280,1567,3661,5735,71.089,51.154,1.016
NOLSM304127,28-02-2019 ?? 9:04:30,12,7,2,Etching,181,1539,3641,5734,70.74,51.476,1.02
NOLSM305128,28-02-2019 ?? 9:04:30,12,8,3,Etching,425,1582,3612,5729,71.593,50.632,1.034
NOLSM306129,28-02-2019 ?? 9:04:30,12,9,3,Etching,436,1686,3669,5711,70.888,51.471,1.034
NOLSM3071210,28-02-2019 ?? 9:04:30,12,10,2,Etching,495,1480,3651,5731,71.388,51.302,1.041
NOLSM3081211,28-02-2019 ?? 9:04:30,12,11,1,Etching,514,1545,3662,5688,70.326,51.204,1.001
NOLSM3091212,28-02-2019 ?? 9:04:30,12,12,1,Etching,198,1471,3664,5706,70.378,50.793,1.035
NOLSM3101213,28-02-2019 ?? 9:04:30,12,13,2,Etching,446,1606,3633,5733,68.999,50.437,1.026
NOLSM3111214,28-02-2019 ?? 9:04:30,12,14,3,Etching,179,1469,3643,5728,70.143,51.22,1.027
NOLSM3121215,28-02-2019 ?? 9:04:30,12,15,2,Etching,154,1518,3648,5700,69.56,50.946,1.018
NOLSM3131216,28-02-2019 ?? 9:04:30,12,16,1,Etching,445,1522,3594,5732,71.881,51.695,1.009
NOLSM3141217,28-02-2019 ?? 9:04:30,12,17,1,Etching,462,1696,3670,5710,70.734,51.522,1.057
NOLSM3151218,28-02-2019 ?? 9:04:30,12,18,2,Etching,325,1402,3656,5698,70.305,50.901,1.03
NOLSM3161219,28-02-2019 ?? 9:04:30,12,19,3,Etching,401,1479,3679,5723,71.185,51.489,1.028
NOLSM3171220,28-02-2019 ?? 9:04:30,12,20,3,Etching,245,1498,3621,5743,70.408,50.432,1.052
NOLSM3181221,28-02-2019 ?? 9:04:30,12,21,2,Etching,300,1497,3629,5687,70.8,50.975,1.033
NOLSM3191222,28-02-2019 ?? 9:04:30,12,22,1,Etching,498,1363,3632,5713,70.27,51.249,1.035
NOLSM3201223,28-02-2019 ?? 9:04:30,12,23,1,Etching,425,1467,3664,5747,70.338,51.521,1.021
NOLSM3211224,28-02-2019 ?? 9:04:30,12,24,2,Etching,501,1222,3651,5715,71.649,51.753,1.029
NOLSM3221225,28-02-2019 ?? 9:04:30,12,25,3,Etching,349,1504,3674,5719,71.803,49.778,1.013
NOLSM3231226,28-02-2019 ?? 9:04:30,12,26,3,Etching,578,1501,3660,5728,70.276,51.213,1.017
NOLSM3241227,28-02-2019 ?? 9:04:30,12,27,2,Etching,670,1538,3657,5709,71.456,50.481,1.037
NOLSM325131,01-03-2019 ?? 9:04:30,13,1,1,Etching,340,1522,3644,5732,72.651,52.103,1.03
NOLSM326132,01-03-2019 ?? 9:04:30,13,2,1,Etching,265,1513,3631,5729,70.267,52.004,1.038
NOLSM327133,01-03-2019 ?? 9:04:30,13,3,2,Etching,411,1568,3653,5729,71.231,50.846,1.005
NOLSM328134,01-03-2019 ?? 9:04:30,13,4,3,Etching,328,1326,3661,5718,71.295,51.665,1.025
NOLSM329135,01-03-2019 ?? 9:04:30,13,5,3,Etching,219,1451,3637,5729,72.983,50.787,1.038
NOLSM330136,01-03-2019 ?? 9:04:30,13,6,2,Etching,272,1540,3661,5704,70.207,51.687,1.023
NOLSM331137,01-03-2019 ?? 9:04:30,13,7,1,Etching,429,1624,3617,5728,70.688,50.834,1.034
NOLSM332138,01-03-2019 ?? 9:04:30,13,8,1,Etching,561,1478,3687,5734,69.496,51.711,1.047
NOLSM333139,01-03-2019 ?? 9:04:30,13,9,2,Etching,62,1414,3641,5731,70.06,51.141,1.047
NOLSM3341310,01-03-2019 ?? 9:04:30,13,10,3,Etching,404,1635,3653,5695,71.617,51.857,1.045
NOLSM3351311,01-03-2019 ?? 9:04:30,13,11,3,Etching,408,1553,3651,5718,70.261,50.744,1.032
NOLSM3361312,01-03-2019 ?? 9:04:30,13,12,2,Etching,362,1463,3683,5698,72.521,50.902,1.03
NOLSM3371313,01-03-2019 ?? 9:04:30,13,13,1,Etching,308,1498,3621,5732,70.816,51.002,1.035
NOLSM3381314,01-03-2019 ?? 9:04:30,13,14,1,Etching,604,1524,3653,5721,70.79,50.947,1.045
NOLSM3391315,01-03-2019 ?? 9:04:30,13,15,2,Etching,280,1571,3642,5711,71.372,50.451,1.063
NOLSM3401316,01-03-2019 ?? 9:04:30,13,16,3,Etching,282,1442,3636,5694,71.939,50.615,1.038
NOLSM3411317,01-03-2019 ?? 9:04:30,13,17,3,Etching,477,1561,3667,5723,72.12,51.318,1.023
NOLSM3421318,01-03-2019 ?? 9:04:30,13,18,2,Etching,350,1690,3659,5691,72.795,50.143,1.041
NOLSM3431319,01-03-2019 ?? 9:04:30,13,19,1,Etching,353,1544,3649,5706,70.126,51.616,1.006
NOLSM3441320,01-03-2019 ?? 9:04:30,13,20,1,Etching,278,1463,3673,5727,70.69,51.408,1.02
NOLSM3451321,01-03-2019 ?? 9:04:30,13,21,3,Etching,378,1616,3683,5709,71.316,51.257,1.026
NOLSM3461322,01-03-2019 ?? 9:04:30,13,22,3,Etching,317,1449,3617,5739,70.598,49.726,1.013
NOLSM3471323,01-03-2019 ?? 9:04:30,13,23,2,Etching,473,1576,3672,5738,70.318,51.228,1.017
NOLSM3481324,01-03-2019 ?? 9:04:30,13,24,1,Etching,499,1450,3649,5730,69.975,51.375,1.052
NOLSM3491325,01-03-2019 ?? 9:04:30,13,25,1,Etching,222,1390,3666,5738,71.688,51.31,1.067
NOLSM3501326,01-03-2019 ?? 9:04:30,13,26,2,Etching,41,1646,3662,5722,71.438,51.489,1.03
NOLSM3511327,01-03-2019 ?? 9:04:30,13,27,3,Etching,65,1469,3652,5725,71.538,50.43,1.029
NOLSM352141,02-03-2019 ?? 9:04:30,14,1,3,Etching,166,1518,3663,5700,71.259,51.068,1.033
NOLSM353142,02-03-2019 ?? 9:04:30,14,2,2,Etching,355,1605,3665,5711,71.105,51.201,1.023
NOLSM354143,02-03-2019 ?? 9:04:30,14,3,1,Etching,341,1635,3640,5699,71.861,49.342,1.036
NOLSM355144,02-03-2019 ?? 9:04:30,14,4,1,Etching,304,1499,3654,5712,72.316,51.908,1.037
NOLSM356145,02-03-2019 ?? 9:04:30,14,5,2,Etching,443,1421,3625,5707,71.392,51.661,1.014
NOLSM357146,02-03-2019 ?? 9:04:30,14,6,3,Etching,680,1517,3663,5711,71.161,52.149,1.045
NOLSM358147,02-03-2019 ?? 9:04:30,14,7,2,Etching,485,1505,3677,5699,70.423,52.148,1.033
NOLSM359148,02-03-2019 ?? 9:04:30,14,8,1,Etching,489,1657,3669,5743,68.866,50.065,1.004
NOLSM360149,02-03-2019 ?? 9:04:30,14,9,1,Etching,418,1583,3651,5709,70.639,51.593,1.005
NOLSM3611410,02-03-2019 ?? 9:04:30,14,10,2,Etching,405,1572,3630,5693,70.747,50.321,1.025
NOLSM3621411,02-03-2019 ?? 9:04:30,14,11,3,Etching,381,1485,3671,5722,70.321,52.238,1.011
NOLSM3631412,02-03-2019 ?? 9:04:30,14,12,3,Etching,203,1615,3659,5709,70.86,51.687,1.044
NOLSM3641413,02-03-2019 ?? 9:04:30,14,13,2,Etching,446,1422,3639,5699,69.133,50.789,1.004
NOLSM3651414,02-03-2019 ?? 9:04:30,14,14,1,Etching,125,1395,3642,5737,69.702,50.383,1.068
NOLSM3661415,02-03-2019 ?? 9:04:30,14,15,1,Etching,443,1532,3670,5712,70.583,50.799,1.018
NOLSM3671416,02-03-2019 ?? 9:04:30,14,16,2,Etching,473,1341,3657,5714,70.414,51.688,1.034
NOLSM3681417,02-03-2019 ?? 9:04:30,14,17,3,Etching,298,1564,3652,5724,70.48,50.721,0.988
NOLSM3691418,02-03-2019 ?? 9:04:30,14,18,3,Etching,467,1532,3657,5731,71.519,49.98,1.066
NOLSM3701419,02-03-2019 ?? 9:04:30,14,19,2,Etching,310,1377,3641,5732,71.071,50.758,1.035
NOLSM3711420,02-03-2019 ?? 9:04:30,14,20,1,Etching,273,1489,3650,5722,71.294,50.009,1.012
NOLSM3721421,02-03-2019 ?? 9:04:30,14,21,1,Etching,582,1576,3668,5746,69.354,50.718,1.02
NOLSM3731422,02-03-2019 ?? 9:04:30,14,22,2,Etching,427,1548,3666,5689,70.906,50.855,1.037
NOLSM3741423,02-03-2019 ?? 9:04:30,14,23,3,Etching,469,1460,3691,5703,69.792,51.891,1.01
NOLSM3751424,02-03-2019 ?? 9:04:30,14,24,1,Etching,470,1495,3669,5715,70.904,51.018,1.038
NOLSM3761425,02-03-2019 ?? 9:04:30,14,25,1,Etching,310,1449,3634,5711,71.924,50.918,1.004
NOLSM3771426,02-03-2019 ?? 9:04:30,14,26,2,Etching,315,1527,3701,5702,70.794,50.944,1.026
NOLSM3781427,02-03-2019 ?? 9:04:30,14,27,3,Etching,267,1377,3645,5695,71.566,50.723,1.048
NOLSM379151,03-03-2019 ?? 9:04:30,15,1,3,Etching,363,1506,3640,5706,71.94,51.431,1.022
NOLSM380152,03-03-2019 ?? 9:04:30,15,2,2,Etching,425,1525,3662,5722,70.082,51.207,1.012
NOLSM381153,03-03-2019 ?? 9:04:30,15,3,1,Etching,309,1465,3664,5723,71.146,50.255,1.055
NOLSM382154,03-03-2019 ?? 9:04:30,15,4,1,Etching,285,1596,3660,5741,69.262,50.687,1.033
NOLSM383155,03-03-2019 ?? 9:04:30,15,5,3,Etching,306,1627,3670,5722,69.822,51.237,1.031
NOLSM384156,03-03-2019 ?? 9:04:30,15,6,3,Etching,448,1648,3654,5725,71.021,51.969,1.054
NOLSM385157,03-03-2019 ?? 9:04:30,15,7,1,Etching,463,1247,3632,5726,70.563,52.148,1.042
NOLSM386158,03-03-2019 ?? 9:04:30,15,8,1,Etching,250,1325,3688,5692,69.103,51.668,1.032
NOLSM387159,03-03-2019 ?? 9:04:30,15,9,2,Etching,362,1709,3653,5732,70.774,51.67,1.045
NOLSM3881510,03-03-2019 ?? 9:04:30,15,10,3,Etching,348,1468,3649,5715,70.769,50.224,1.04
NOLSM3891511,03-03-2019 ?? 9:04:30,15,11,3,Etching,460,1466,3686,5714,69.021,50.178,1.016
NOLSM3901512,03-03-2019 ?? 9:04:30,15,12,2,Etching,263,1390,3660,5706,71.792,49.794,1.024
NOLSM3911513,03-03-2019 ?? 9:04:30,15,13,1,Etching,498,1561,3632,5724,70.101,50.718,1.027
NOLSM3921514,03-03-2019 ?? 9:04:30,15,14,1,Etching,192,1665,3671,5729,70.711,51.041,1.011
NOLSM3931515,03-03-2019 ?? 9:04:30,15,15,3,Etching,387,1573,3631,5718,71.779,51.067,1.015
NOLSM3941516,03-03-2019 ?? 9:04:30,15,16,3,Etching,450,1526,3642,5733,70.586,51.288,0.999
NOLSM3951517,03-03-2019 ?? 9:04:30,15,17,2,Etching,371,1481,3666,5727,70.171,51.049,1.041
NOLSM3961518,03-03-2019 ?? 9:04:30,15,18,1,Etching,277,1588,3700,5720,70.693,51.23,1.033
NOLSM3971519,03-03-2019 ?? 9:04:30,15,19,1,Etching,359,1441,3675,5716,71.747,50.344,1.045
NOLSM3981520,03-03-2019 ?? 9:04:30,15,20,2,Etching,343,1441,3660,5708,70.718,51.012,1.014
NOLSM3991521,03-03-2019 ?? 9:04:30,15,21,3,Etching,261,1402,3661,5699,70.269,49.957,1.025
NOLSM4001522,03-03-2019 ?? 9:04:30,15,22,3,Etching,244,1509,3647,5706,69.28,50.752,1.056
NOLSM4011523,03-03-2019 ?? 9:04:30,15,23,2,Etching,218,1576,3651,5690,70.841,50.726,1.036
NOLSM4021524,03-03-2019 ?? 9:04:30,15,24,1,Etching,315,1486,3644,5720,69.916,50.504,1.028
NOLSM4031525,03-03-2019 ?? 9:04:30,15,25,1,Etching,417,1456,3638,5732,69.159,50.557,1.015
NOLSM4041526,03-03-2019 ?? 9:04:30,15,26,3,Etching,172,1420,3643,5736,70.469,51.336,1.009
NOLSM4051527,03-03-2019 ?? 9:04:30,15,27,3,Etching,285,1506,3669,5729,72.095,50.087,1.046
NOLSM406161,04-03-2019 ?? 9:04:30,16,1,2,Etching,230,1634,3685,5727,72.003,51.716,0.994
NOLSM407162,04-03-2019 ?? 9:04:30,16,2,1,Etching,484,1437,3655,5694,72.124,51.059,1.039
NOLSM408163,04-03-2019 ?? 9:04:30,16,3,1,Etching,316,1505,3625,5667,72.581,51.849,1.068
NOLSM409164,04-03-2019 ?? 9:04:30,16,4,2,Etching,432,1515,3654,5731,71.721,50.856,0.993
NOLSM410165,04-03-2019 ?? 9:04:30,16,5,3,Etching,316,1564,3646,5735,71.102,50.178,1.014
NOLSM411166,04-03-2019 ?? 9:04:30,16,6,3,Etching,369,1592,3692,5721,70.678,50.537,1.031
NOLSM412167,04-03-2019 ?? 9:04:30,16,7,2,Etching,489,1557,3657,5744,70.09,51.53,1.045
NOLSM413168,04-03-2019 ?? 9:04:30,16,8,1,Etching,363,1688,3683,5698,70.335,51.532,1.023
NOLSM414169,04-03-2019 ?? 9:04:30,16,9,1,Etching,276,1465,3681,5732,70.457,51.412,1.062
NOLSM4151610,04-03-2019 ?? 9:04:30,16,10,2,Etching,214,1456,3645,5727,71.716,50.907,1.023
NOLSM4161611,04-03-2019 ?? 9:04:30,16,11,3,Etching,319,1623,3671,5740,70.512,51.741,1.019
NOLSM4171612,04-03-2019 ?? 9:04:30,16,12,3,Etching,253,1438,3633,5720,70.999,51.225,1.037
NOLSM4181613,04-03-2019 ?? 9:04:30,16,13,2,Etching,385,1468,3667,5710,70.647,50.296,1.037
NOLSM4191614,04-03-2019 ?? 9:04:30,16,14,1,Etching,276,1487,3645,5713,71.607,50.634,1.039
NOLSM4201615,04-03-2019 ?? 9:04:30,16,15,1,Etching,292,1588,3680,5712,69.825,51.356,1.023
NOLSM4211616,04-03-2019 ?? 9:04:30,16,16,2,Etching,544,1318,3663,5727,71.406,51.426,1.029
NOLSM4221617,04-03-2019 ?? 9:04:30,16,17,3,Etching,298,1360,3682,5719,71.062,50.104,1.039
NOLSM4231618,04-03-2019 ?? 9:04:30,16,18,2,Etching,429,1577,3627,5706,72.241,51.419,1.05
NOLSM4241619,04-03-2019 ?? 9:04:30,16,19,1,Etching,625,1677,3661,5725,71.619,51.317,0.998
NOLSM4251620,04-03-2019 ?? 9:04:30,16,20,1,Etching,286,1501,3680,5747,69.643,51.066,1.05
NOLSM4261621,04-03-2019 ?? 9:04:30,16,21,3,Etching,321,1493,3639,5696,71.658,50.936,1.026
NOLSM4271622,04-03-2019 ?? 9:04:30,16,22,3,Etching,669,1543,3668,5720,70.923,50.45,1.043
NOLSM4281623,04-03-2019 ?? 9:04:30,16,23,2,Etching,219,1530,3634,5709,70.488,51.883,1.031
NOLSM4291624,04-03-2019 ?? 9:04:30,16,24,1,Etching,310,1630,3643,5703,71.018,50.858,1.029
NOLSM4301625,04-03-2019 ?? 9:04:30,16,25,1,Etching,186,1534,3636,5715,70.464,51.034,1.018
NOLSM4311626,04-03-2019 ?? 9:04:30,16,26,2,Etching,224,1432,3653,5720,70.441,51.746,1.011
NOLSM4321627,04-03-2019 ?? 9:04:30,16,27,3,Etching,464,1680,3656,5708,71.615,51.485,1.035
NOLSM433171,05-03-2019 ?? 9:04:30,17,1,3,Etching,383,1500,3677,5695,71.885,51.539,1.018
NOLSM434172,05-03-2019 ?? 9:04:30,17,2,2,Etching,180,1663,3649,5714,71.389,51.222,1.026
NOLSM435173,05-03-2019 ?? 9:04:30,17,3,1,Etching,335,1355,3620,5734,72.879,50.689,1.055
NOLSM436174,05-03-2019 ?? 9:04:30,17,4,1,Etching,270,1372,3678,5709,71.999,51.884,1.039
NOLSM437175,05-03-2019 ?? 9:04:30,17,5,2,Etching,197,1570,3648,5702,71.542,51.623,1.029
NOLSM438176,05-03-2019 ?? 9:04:30,17,6,3,Etching,392,1522,3651,5696,70.415,51.003,1.032
NOLSM439177,05-03-2019 ?? 9:04:30,17,7,2,Etching,557,1507,3653,5697,71.625,51.508,1.029
NOLSM440178,05-03-2019 ?? 9:04:30,17,8,1,Etching,266,1360,3678,5709,69.329,51.433,1.03
NOLSM441179,05-03-2019 ?? 9:04:30,17,9,1,Etching,471,1525,3667,5710,71.466,51.876,1.02
NOLSM4421710,05-03-2019 ?? 9:04:30,17,10,3,Etching,354,1495,3646,5708,71.554,50.636,1.041
NOLSM4431711,05-03-2019 ?? 9:04:30,17,11,3,Etching,424,1500,3672,5728,70.799,51.133,1.036
NOLSM4441712,05-03-2019 ?? 9:04:30,17,12,2,Etching,319,1431,3647,5737,70.839,51.372,1.044
NOLSM4451713,05-03-2019 ?? 9:04:30,17,13,1,Etching,360,1583,3662,5704,72.306,50.665,1.031
NOLSM4461714,05-03-2019 ?? 9:04:30,17,14,1,Etching,337,1434,3645,5727,71.503,50.367,1.064
NOLSM4471715,05-03-2019 ?? 9:04:30,17,15,2,Etching,506,1384,3621,5718,72.064,51.406,1.016
NOLSM4481716,05-03-2019 ?? 9:04:30,17,16,3,Etching,435,1509,3654,5751,71.033,50.453,1.021
NOLSM4491717,05-03-2019 ?? 9:04:30,17,17,3,Etching,337,1498,3639,5729,71.134,50.369,1.036
NOLSM4501718,05-03-2019 ?? 9:04:30,17,18,1,Etching,268,1372,3673,5694,70.685,50.708,1.041
NOLSM4511719,05-03-2019 ?? 9:04:30,17,19,1,Etching,398,1479,3668,5716,68.15,50.463,1.04
NOLSM4521720,05-03-2019 ?? 9:04:30,17,20,3,Etching,435,1556,3665,5689,73.081,51.389,1.022
NOLSM4531721,05-03-2019 ?? 9:04:30,17,21,3,Etching,337,1319,3656,5714,71.234,51.688,1.029
NOLSM4541722,05-03-2019 ?? 9:04:30,17,22,2,Etching,207,1517,3613,5723,70.287,50.762,1.055
NOLSM4551723,05-03-2019 ?? 9:04:30,17,23,1,Etching,298,1575,3682,5737,71.399,51.216,1.015
NOLSM4561724,05-03-2019 ?? 9:04:30,17,24,1,Etching,511,1487,3674,5688,72.158,51.151,1.054
NOLSM4571725,05-03-2019 ?? 9:04:30,17,25,3,Etching,291,1623,3667,5730,71.972,50.805,1.035
NOLSM4581726,05-03-2019 ?? 9:04:30,17,26,3,Etching,630,1205,3647,5706,70.657,50.916,1.035
NOLSM4591727,05-03-2019 ?? 9:04:30,17,27,2,Etching,343,1589,3672,5702,71.628,51.567,1.033
NOLSM460181,06-03-2019 ?? 9:04:30,18,1,1,Etching,98,1370,3614,5683,68.846,49.99,1
NOLSM461182,06-03-2019 ?? 9:04:30,18,2,1,Etching,183,1346,3615,5711,69.097,50.559,1.014
NOLSM462183,06-03-2019 ?? 9:04:30,18,3,2,Etching,195,1396,3628,5704,70.485,51.093,1.027
NOLSM463184,06-03-2019 ?? 9:04:30,18,4,3,Etching,183,1378,3630,5689,70.805,51.007,1.025
NOLSM464185,06-03-2019 ?? 9:04:30,18,5,3,Etching,152,1420,3636,5717,71.258,51.175,1.029
NOLSM465186,06-03-2019 ?? 9:04:30,18,6,2,Etching,150,1329,3637,5708,71.248,51.054,1.026
NOLSM466187,06-03-2019 ?? 9:04:30,18,7,1,Etching,62,1418,3634,5732,71.248,51.153,1.029
NOLSM467188,06-03-2019 ?? 9:04:30,18,8,1,Etching,143,1415,3636,5701,71.378,51.38,1.034
NOLSM468189,06-03-2019 ?? 9:04:30,18,9,2,Etching,113,1413,3638,5726,71.36,50.989,1.025
NOLSM4691810,06-03-2019 ?? 9:04:30,18,10,3,Etching,178,1486,3639,5726,71.225,51.355,1.034
NOLSM4701811,06-03-2019 ?? 9:04:30,18,11,2,Etching,241,1505,3637,5728,71.244,51.355,1.034
NOLSM4711812,06-03-2019 ?? 9:04:30,18,12,1,Etching,165,1399,3635,5705,71.221,51.61,1.04
NOLSM4721813,06-03-2019 ?? 9:04:30,18,13,1,Etching,136,1393,3639,5733,71.371,51.651,1.041
NOLSM4731814,06-03-2019 ?? 9:04:30,18,14,2,Etching,192,1438,3642,5693,71.321,51.618,1.04
NOLSM4741815,06-03-2019 ?? 9:04:30,18,15,3,Etching,167,1414,3635,5725,71.375,51.608,1.04
NOLSM4751816,06-03-2019 ?? 9:04:30,18,16,3,Etching,142,1461,3640,5689,71.47,51.881,1.047
NOLSM4761817,06-03-2019 ?? 9:04:30,18,17,1,Etching,200,1448,3635,5706,71.346,51.626,1.041
NOLSM4771818,06-03-2019 ?? 9:04:30,18,18,1,Etching,107,1370,3636,5721,71.284,51.506,1.038
NOLSM4781819,06-03-2019 ?? 9:04:30,18,19,2,Etching,53,1311,3635,5721,71.345,51.632,1.041
NOLSM4791820,06-03-2019 ?? 9:04:30,18,20,3,Etching,228,1356,3640,5721,71.322,51.699,1.042
NOLSM4801821,06-03-2019 ?? 9:04:30,18,21,3,Etching,182,1372,3640,5704,71.411,51.862,1.047
NOLSM4811822,06-03-2019 ?? 9:04:30,18,22,2,Etching,136,1308,3634,5705,71.383,51.928,1.048
NOLSM4821823,06-03-2019 ?? 9:04:30,18,23,1,Etching,160,1306,3637,5715,71.517,52.139,1.053
NOLSM4831824,06-03-2019 ?? 9:04:30,18,24,1,Etching,132,1373,3637,5729,71.304,51.748,1.044
NOLSM4841825,06-03-2019 ?? 9:04:30,18,25,2,Etching,145,1413,3638,5723,71.296,51.876,1.047
NOLSM4851826,06-03-2019 ?? 9:04:30,18,26,3,Etching,114,1282,3635,5696,71.4,51.904,1.048
NOLSM4861827,06-03-2019 ?? 9:04:30,18,27,3,Etching,210,1428,3644,5732,71.385,51.894,1.047
NOLSM487191,07-03-2019 ?? 9:04:30,19,1,2,Etching,191,1382,3640,5690,71.52,52.092,1.052
NOLSM488192,07-03-2019 ?? 9:04:30,19,2,1,Etching,180,1403,3636,5711,71.539,52.101,1.053
NOLSM489193,07-03-2019 ?? 9:04:30,19,3,1,Etching,241,1372,3637,5704,71.544,52.168,1.054
NOLSM490194,07-03-2019 ?? 9:04:30,19,4,2,Etching,210,1448,3646,5694,71.695,52.326,1.058
NOLSM491195,07-03-2019 ?? 9:04:30,19,5,3,Etching,136,1428,3640,5721,71.608,52.369,1.059
NOLSM492196,07-03-2019 ?? 9:04:30,19,6,3,Etching,198,1388,3641,5726,71.56,51.699,1.042
NOLSM493197,07-03-2019 ?? 9:04:30,19,7,2,Etching,186,1388,3645,5729,71.397,51.598,1.04
NOLSM494198,07-03-2019 ?? 9:04:30,19,8,1,Etching,195,1358,3642,5732,71.348,51.548,1.039
NOLSM495199,07-03-2019 ?? 9:04:30,19,9,1,Etching,270,1368,3639,5720,71.363,51.571,1.039
NOLSM4961910,07-03-2019 ?? 9:04:30,19,10,2,Etching,185,1459,3646,5692,71.496,51.729,1.043
NOLSM4971911,07-03-2019 ?? 9:04:30,19,11,3,Etching,363,1508,3656,5702,71.364,51.523,1.038
NOLSM4981912,07-03-2019 ?? 9:04:30,19,12,3,Etching,243,1459,3646,5721,71.298,51.41,1.035
NOLSM4991913,07-03-2019 ?? 9:04:30,19,13,2,Etching,281,1497,3651,5688,71.556,51.932,1.048
NOLSM5001914,07-03-2019 ?? 9:04:30,19,14,1,Etching,326,1514,3653,5696,71.56,51.904,1.048
NOLSM5011915,07-03-2019 ?? 9:04:30,19,15,1,Etching,345,1492,3652,5729,71.456,51.51,1.038
NOLSM5021916,07-03-2019 ?? 9:04:30,19,16,2,Etching,325,1442,3657,5711,71.648,52.03,1.051
NOLSM5031917,07-03-2019 ?? 9:04:30,19,17,3,Etching,365,1538,3657,5709,71.651,52.084,1.052
NOLSM5041918,07-03-2019 ?? 9:04:30,19,18,3,Etching,625,1515,3677,5719,71.633,51.986,1.05
NOLSM5051919,07-03-2019 ?? 9:04:30,19,19,2,Etching,50,1422,3631,5703,70.995,50.934,1.023
NOLSM5061920,07-03-2019 ?? 9:04:30,19,20,1,Etching,214,1453,3636,5722,70.95,51.06,1.027
NOLSM5071921,07-03-2019 ?? 9:04:30,19,21,1,Etching,136,1450,3633,5702,71.011,51.492,1.037
NOLSM5081922,07-03-2019 ?? 9:04:30,19,22,2,Etching,95,1338,3633,5724,71.159,51.537,1.038
NOLSM5091923,07-03-2019 ?? 9:04:30,19,23,3,Etching,151,1455,3631,5712,70.974,51.127,1.028
NOLSM5101924,07-03-2019 ?? 9:04:30,19,24,2,Etching,53,1342,3631,5717,70.95,51.203,1.03
NOLSM5111925,07-03-2019 ?? 9:04:30,19,25,1,Etching,148,1369,3629,5722,70.909,51.425,1.036
NOLSM5121926,07-03-2019 ?? 9:04:30,19,26,1,Etching,188,1388,3638,5727,71.054,51.231,1.031
NOLSM5131927,07-03-2019 ?? 9:04:30,19,27,2,Etching,221,1378,3635,5686,70.693,51.008,1.025
NOLSM514201,08-03-2019 ?? 9:04:30,20,1,3,Etching,256,1441,3639,5720,70.665,50.887,1.022
NOLSM515202,08-03-2019 ?? 9:04:30,20,2,3,Etching,191,1328,3636,5714,70.586,50.914,1.023
NOLSM516203,08-03-2019 ?? 9:04:30,20,3,2,Etching,224,1418,3639,5702,70.748,51.262,1.032
NOLSM517204,08-03-2019 ?? 9:04:30,20,4,1,Etching,122,1408,3630,5717,70.693,50.996,1.025
NOLSM518205,08-03-2019 ?? 9:04:30,20,5,1,Etching,236,1391,3636,5714,70.98,51.72,1.043
NOLSM519206,08-03-2019 ?? 9:04:30,20,6,2,Etching,286,1349,3635,5680,70.908,51.437,1.036
NOLSM520207,08-03-2019 ?? 9:04:30,20,7,3,Etching,174,1432,3635,5729,70.984,51.358,1.034
NOLSM521208,08-03-2019 ?? 9:04:30,20,8,2,Etching,136,1331,3630,5717,70.929,51.567,1.039
NOLSM522209,08-03-2019 ?? 9:04:30,20,9,1,Etching,208,1350,3632,5719,70.929,51.831,1.046
NOLSM5232010,08-03-2019 ?? 9:04:30,20,10,1,Etching,404,1460,3649,5687,71.047,51.579,1.039
NOLSM5242011,08-03-2019 ?? 9:04:30,20,11,2,Etching,111,1260,3631,5681,71.109,51.717,1.043
NOLSM5252012,08-03-2019 ?? 9:04:30,20,12,3,Etching,217,1337,3638,5720,71.133,51.574,1.039
NOLSM5262013,08-03-2019 ?? 9:04:30,20,13,3,Etching,177,1323,3633,5709,70.946,51.451,1.036
NOLSM5272014,08-03-2019 ?? 9:04:30,20,14,2,Etching,193,1511,3637,5696,71.033,51.592,1.04
NOLSM5282015,08-03-2019 ?? 9:04:30,20,15,1,Etching,237,1488,3641,5691,71.137,51.717,1.043
NOLSM5292016,08-03-2019 ?? 9:04:30,20,16,1,Etching,255,1482,3641,5729,71.234,51.851,1.046
NOLSM5302017,08-03-2019 ?? 9:04:30,20,17,2,Etching,256,1482,3643,5709,71.249,51.735,1.043
NOLSM5312018,08-03-2019 ?? 9:04:30,20,18,3,Etching,151,1386,3634,5711,71.169,51.714,1.043
NOLSM5322019,08-03-2019 ?? 9:04:30,20,19,3,Etching,206,1519,3641,5725,71.153,51.744,1.044
NOLSM5332020,08-03-2019 ?? 9:04:30,20,20,2,Etching,158,1394,3637,5693,71.196,51.704,1.043
NOLSM5342021,08-03-2019 ?? 9:04:30,20,21,1,Etching,278,1446,3641,5689,71.174,51.699,1.042
NOLSM5352022,08-03-2019 ?? 9:04:30,20,22,1,Etching,381,1519,3656,5713,71.287,51.796,1.045
NOLSM5362023,08-03-2019 ?? 9:04:30,20,23,2,Etching,297,1509,3645,5708,71.17,51.694,1.042
NOLSM5372024,08-03-2019 ?? 9:04:30,20,24,3,Etching,212,1455,3639,5698,71.164,51.679,1.042
NOLSM5382025,08-03-2019 ?? 9:04:30,20,25,2,Etching,177,1377,3640,5687,71.119,51.595,1.04
NOLSM5392026,08-03-2019 ?? 9:04:30,20,26,1,Etching,190,1465,3636,5722,71.256,51.811,1.045
NOLSM5402027,08-03-2019 ?? 9:04:30,20,27,1,Etching,204,1388,3641,5728,71.402,51.834,1.046
NOLSM541211,17-02-2019 ?? 9:04:30,21,1,2,Etching,205,1491,3641,5683,71.287,51.867,1.047
NOLSM542212,17-02-2019 ?? 9:04:30,21,2,3,Etching,215,1406,3643,5703,71.603,52.199,1.055
NOLSM543213,17-02-2019 ?? 9:04:30,21,3,3,Etching,174,1448,3637,5706,71.516,51.977,1.049
NOLSM544214,17-02-2019 ?? 9:04:30,21,4,2,Etching,204,1377,3642,5696,71.361,52.042,1.051
NOLSM545215,17-02-2019 ?? 9:04:30,21,5,1,Etching,277,1456,3639,5706,71.269,52.165,1.054
NOLSM546216,17-02-2019 ?? 9:04:30,21,6,1,Etching,235,1420,3643,5722,71.441,52.573,1.064
NOLSM547217,17-02-2019 ?? 9:04:30,21,7,2,Etching,204,1393,3638,5706,71.54,52.562,1.064
NOLSM548218,17-02-2019 ?? 9:04:30,21,8,3,Etching,267,1410,3640,5690,71.313,52.23,1.056
NOLSM549219,17-02-2019 ?? 9:04:30,21,9,3,Etching,144,1471,3640,5685,71.43,52.225,1.056
NOLSM5502110,17-02-2019 ?? 9:04:30,21,10,2,Etching,183,1417,3637,5700,71.011,51.705,1.043
NOLSM5512111,17-02-2019 ?? 9:04:30,21,11,1,Etching,227,1418,3639,5726,71.062,51.891,1.047
NOLSM5522112,17-02-2019 ?? 9:04:30,21,12,1,Etching,270,1476,3643,5686,71.163,51.853,1.046
NOLSM5532113,17-02-2019 ?? 9:04:30,21,13,3,Etching,193,1368,3634,5715,71.008,51.72,1.043
NOLSM5542114,17-02-2019 ?? 9:04:30,21,14,3,Etching,184,1425,3633,5681,71.009,51.837,1.046
NOLSM5552115,17-02-2019 ?? 9:04:30,21,15,2,Etching,138,1398,3633,5722,70.991,51.915,1.048
NOLSM5562116,17-02-2019 ?? 9:04:30,21,16,1,Etching,218,1408,3635,5711,71.055,51.75,1.044
NOLSM5572117,17-02-2019 ?? 9:04:30,21,17,1,Etching,212,1454,3637,5705,71.103,51.863,1.047
NOLSM5582118,17-02-2019 ?? 9:04:30,21,18,2,Etching,245,1405,3636,5711,70.908,51.506,1.038
NOLSM5592119,17-02-2019 ?? 9:04:30,21,19,3,Etching,161,1371,3633,5688,71.015,51.631,1.041
NOLSM5602120,17-02-2019 ?? 9:04:30,21,20,2,Etching,211,1384,3635,5691,70.996,51.48,1.037
NOLSM5612121,17-02-2019 ?? 9:04:30,21,21,1,Etching,193,1413,3634,5683,70.978,51.567,1.039
NOLSM5622122,17-02-2019 ?? 9:04:30,21,22,1,Etching,274,1409,3644,5689,70.997,51.454,1.036
NOLSM5632123,17-02-2019 ?? 9:04:30,21,23,2,Etching,233,1466,3645,5721,70.998,51.395,1.035
NOLSM5642124,17-02-2019 ?? 9:04:30,21,24,3,Etching,243,1394,3639,5694,70.998,51.442,1.036
NOLSM5652125,17-02-2019 ?? 9:04:30,21,25,3,Etching,184,1420,3635,5698,71.014,51.3,1.032
NOLSM5662126,17-02-2019 ?? 9:04:30,21,26,2,Etching,219,1519,3643,5723,71.084,51.438,1.036
NOLSM5672127,17-02-2019 ?? 9:04:30,21,27,1,Etching,217,1382,3641,5726,71.073,51.277,1.032
NOLSM568221,18-02-2019 ?? 9:04:30,22,1,1,Etching,192,1423,3642,5683,71.303,51.476,1.037
NOLSM569222,18-02-2019 ?? 9:04:30,22,2,2,Etching,194,1397,3641,5714,71.161,51.463,1.037
NOLSM570223,18-02-2019 ?? 9:04:30,22,3,3,Etching,245,1500,3641,5719,71.239,51.495,1.037
NOLSM571224,18-02-2019 ?? 9:04:30,22,4,3,Etching,204,1383,3640,5699,71.296,51.45,1.036
NOLSM572225,18-02-2019 ?? 9:04:30,22,5,2,Etching,192,1361,3638,5713,71.324,51.567,1.039
NOLSM573226,18-02-2019 ?? 9:04:30,22,6,1,Etching,253,1597,3642,5730,71.366,51.581,1.04
NOLSM574227,18-02-2019 ?? 9:04:30,22,7,1,Etching,187,1382,3638,5698,71.403,51.384,1.035
NOLSM575228,18-02-2019 ?? 9:04:30,22,8,2,Etching,172,1351,3635,5723,71.361,51.396,1.035
NOLSM576229,18-02-2019 ?? 9:04:30,22,9,3,Etching,213,1443,3641,5713,71.442,51.35,1.034
NOLSM5772210,18-02-2019 ?? 9:04:30,22,10,3,Etching,205,1442,3639,5718,71.283,51.261,1.032
NOLSM5782211,18-02-2019 ?? 9:04:30,22,11,2,Etching,182,1415,3640,5690,71.323,51.566,1.039
NOLSM5792212,18-02-2019 ?? 9:04:30,22,12,1,Etching,143,1363,3640,5715,71.519,51.449,1.036
NOLSM5802213,18-02-2019 ?? 9:04:30,22,13,1,Etching,196,1401,3641,5711,71.41,51.256,1.031
NOLSM5812214,18-02-2019 ?? 9:04:30,22,14,2,Etching,122,1304,3635,5721,71.36,51.265,1.032
NOLSM5822215,18-02-2019 ?? 9:04:30,22,15,3,Etching,265,1447,3641,5713,71.327,51.141,1.029
NOLSM5832216,18-02-2019 ?? 9:04:30,22,16,3,Etching,179,1340,3633,5691,71.069,51.761,1.044
NOLSM5842217,18-02-2019 ?? 9:04:30,22,17,2,Etching,187,1472,3635,5695,71.107,51.6,1.04
NOLSM5852218,18-02-2019 ?? 9:04:30,22,18,1,Etching,192,1376,3634,5725,71.081,51.396,1.035
NOLSM5862219,18-02-2019 ?? 9:04:30,22,19,1,Etching,174,1400,3637,5695,71.178,51.271,1.032
NOLSM5872220,18-02-2019 ?? 9:04:30,22,20,2,Etching,206,1422,3639,5711,71.276,51.496,1.037
NOLSM5882221,18-02-2019 ?? 9:04:30,22,21,3,Etching,170,1392,3640,5710,71.304,51.44,1.036
NOLSM5892222,18-02-2019 ?? 9:04:30,22,22,2,Etching,299,1332,3639,5694,71.211,51.247,1.031
NOLSM5902223,18-02-2019 ?? 9:04:30,22,23,1,Etching,213,1477,3641,5714,71.358,51.247,1.031
NOLSM5912224,18-02-2019 ?? 9:04:30,22,24,1,Etching,277,1346,3642,5726,71.22,51.145,1.029
NOLSM5922225,18-02-2019 ?? 9:04:30,22,25,2,Etching,221,1409,3643,5686,71.355,51.327,1.033
NOLSM5932226,18-02-2019 ?? 9:04:30,22,26,3,Etching,203,1464,3640,5708,71.376,51.175,1.029
NOLSM5942227,18-02-2019 ?? 9:04:30,22,27,3,Etching,161,1471,3639,5691,71.276,51.221,1.031
NOLSM595231,19-02-2019 ?? 9:04:30,23,1,2,Etching,198,1439,3641,5685,71.309,51.283,1.032
NOLSM596232,19-02-2019 ?? 9:04:30,23,2,1,Etching,220,1465,3643,5720,71.431,51.353,1.034
NOLSM597233,19-02-2019 ?? 9:04:30,23,3,1,Etching,102,1311,3636,5730,71.484,51.355,1.034
NOLSM598234,19-02-2019 ?? 9:04:30,23,4,2,Etching,177,1407,3641,5704,71.477,51.471,1.037
NOLSM599235,19-02-2019 ?? 9:04:30,23,5,3,Etching,306,1377,3648,5724,71.524,51.416,1.035
NOLSM600236,19-02-2019 ?? 9:04:30,23,6,3,Etching,270,1271,3652,5718,71.532,51.486,1.037
NOLSM601237,19-02-2019 ?? 9:04:30,23,7,2,Etching,189,1403,3640,5704,71.452,51.478,1.037
NOLSM602238,19-02-2019 ?? 9:04:30,23,8,1,Etching,214,1445,3640,5709,71.323,51.665,1.042
NOLSM603239,19-02-2019 ?? 9:04:30,23,9,1,Etching,160,1423,3631,5723,70.81,52.345,1.059
NOLSM6042310,19-02-2019 ?? 9:04:30,23,10,2,Etching,388,1515,3646,5685,70.596,52.357,1.059
NOLSM6052311,19-02-2019 ?? 9:04:30,23,11,3,Etching,373,1452,3645,5694,70.648,52.375,1.059
NOLSM6062312,19-02-2019 ?? 9:04:30,23,12,3,Etching,354,1564,3650,5688,70.598,52.328,1.058
NOLSM6072313,19-02-2019 ?? 9:04:30,23,13,2,Etching,225,1473,3638,5689,70.475,52.299,1.057
NOLSM6082314,19-02-2019 ?? 9:04:30,23,14,1,Etching,211,1470,3634,5692,70.582,52.238,1.056
NOLSM6092315,19-02-2019 ?? 9:04:30,23,15,1,Etching,147,1437,3637,5720,70.722,52.156,1.054
NOLSM6102316,19-02-2019 ?? 9:04:30,23,16,2,Etching,334,1558,3650,5690,70.687,51.894,1.047
NOLSM6112317,19-02-2019 ?? 9:04:30,23,17,3,Etching,388,1553,3655,5717,70.644,51.915,1.048
NOLSM6122318,19-02-2019 ?? 9:04:30,23,18,2,Etching,242,1492,3637,5702,70.386,51.933,1.048
NOLSM6132319,19-02-2019 ?? 9:04:30,23,19,1,Etching,212,1367,3636,5714,70.494,51.884,1.047
NOLSM6142320,19-02-2019 ?? 9:04:30,23,20,1,Etching,248,1436,3637,5719,70.394,51.873,1.047
NOLSM6152321,19-02-2019 ?? 9:04:30,23,21,2,Etching,225,1426,3640,5700,70.555,51.85,1.046
NOLSM6162322,19-02-2019 ?? 9:04:30,23,22,3,Etching,136,1297,3635,5709,70.564,51.875,1.047
NOLSM6172323,19-02-2019 ?? 9:04:30,23,23,3,Etching,183,1332,3640,5701,70.842,52.051,1.051
NOLSM6182324,19-02-2019 ?? 9:04:30,23,24,2,Etching,276,1410,3635,5703,70.702,52.072,1.052
NOLSM6192325,19-02-2019 ?? 9:04:30,23,25,1,Etching,363,1475,3652,5728,70.878,52.119,1.053
NOLSM6202326,19-02-2019 ?? 9:04:30,23,26,1,Etching,154,1361,3634,5723,70.882,52.226,1.056
NOLSM6212327,19-02-2019 ?? 9:04:30,23,27,2,Etching,330,1487,3649,5713,70.99,52.176,1.054
NOLSM622241,20-02-2019 ?? 9:04:30,24,1,3,Etching,367,1475,3652,5695,70.91,52.172,1.054
NOLSM623242,20-02-2019 ?? 9:04:30,24,2,3,Etching,228,1379,3637,5711,70.901,51.699,1.042
NOLSM624243,20-02-2019 ?? 9:04:30,24,3,2,Etching,188,1386,3635,5692,70.754,51.774,1.044
NOLSM625244,20-02-2019 ?? 9:04:30,24,4,1,Etching,185,1361,3635,5728,70.831,51.724,1.043
NOLSM626245,20-02-2019 ?? 9:04:30,24,5,1,Etching,136,1406,3637,5729,70.785,51.737,1.043
NOLSM627246,20-02-2019 ?? 9:04:30,24,6,3,Etching,114,1430,3634,5686,70.855,51.741,1.044
NOLSM628247,20-02-2019 ?? 9:04:30,24,7,3,Etching,168,1304,3636,5709,70.82,51.738,1.043
NOLSM629248,20-02-2019 ?? 9:04:30,24,8,1,Etching,189,1371,3640,5721,71.345,52.448,1.061
NOLSM630249,20-02-2019 ?? 9:04:30,24,9,1,Etching,153,1411,3642,5726,71.189,52.372,1.059
NOLSM6312410,20-02-2019 ?? 9:04:30,24,10,2,Etching,294,1462,3646,5689,71.159,52.223,1.056
NOLSM6322411,20-02-2019 ?? 9:04:30,24,11,3,Etching,385,1471,3652,5705,71.141,52.251,1.056
NOLSM6332412,20-02-2019 ?? 9:04:30,24,12,3,Etching,203,1421,3640,5705,71.154,52.104,1.053
NOLSM6342413,20-02-2019 ?? 9:04:30,24,13,1,Etching,133,1407,3637,5681,70.959,52.047,1.051
NOLSM6352414,20-02-2019 ?? 9:04:30,24,14,1,Etching,142,1493,3638,5707,71.017,51.995,1.05
NOLSM6362415,20-02-2019 ?? 9:04:30,24,15,2,Etching,342,1464,3647,5691,71.014,51.77,1.044
NOLSM6372416,20-02-2019 ?? 9:04:30,24,16,3,Etching,228,1340,3638,5707,70.929,51.7,1.042
NOLSM6382417,20-02-2019 ?? 9:04:30,24,17,2,Etching,268,1392,3642,5687,71.007,51.681,1.042
NOLSM6392418,20-02-2019 ?? 9:04:30,24,18,1,Etching,225,1383,3643,5691,71.038,51.663,1.042
NOLSM6402419,20-02-2019 ?? 9:04:30,24,19,1,Etching,137,1472,3636,5704,70.885,51.633,1.041
NOLSM6412420,20-02-2019 ?? 9:04:30,24,20,3,Etching,214,1450,3641,5684,70.954,51.613,1.04
NOLSM6422421,20-02-2019 ?? 9:04:30,24,21,3,Etching,223,1588,3640,5712,70.988,51.604,1.04
NOLSM6432422,20-02-2019 ?? 9:04:30,24,22,2,Etching,222,1284,3638,5730,71.055,51.645,1.041
NOLSM6442423,20-02-2019 ?? 9:04:30,24,23,1,Etching,164,1339,3639,5732,71.194,51.987,1.05
NOLSM6452424,20-02-2019 ?? 9:04:30,24,24,1,Etching,243,1433,3644,5693,71.187,51.785,1.045
NOLSM6462425,20-02-2019 ?? 9:04:30,24,25,2,Etching,157,1337,3638,5728,71.077,51.72,1.043
NOLSM6472426,20-02-2019 ?? 9:04:30,24,26,3,Etching,136,1367,3645,5704,72.172,51.255,1.031
NOLSM6482427,20-02-2019 ?? 9:04:30,24,27,3,Etching,135,1421,3646,5700,72.227,51.229,1.031
NOLSM649251,21-02-2019 ?? 9:04:30,25,1,2,Etching,224,1436,3645,5729,71.938,51.178,1.029
NOLSM650252,21-02-2019 ?? 9:04:30,25,2,1,Etching,187,1392,3650,5725,72.246,50.8,1.02
NOLSM651253,21-02-2019 ?? 9:04:30,25,3,1,Etching,370,1517,3659,5699,71.956,50.833,1.021
NOLSM652254,21-02-2019 ?? 9:04:30,25,4,2,Etching,236,1607,3678,5728,71.932,50.691,1.017
NOLSM653255,21-02-2019 ?? 9:04:30,25,5,3,Etching,598,1652,3689,5714,72.013,50.536,1.013
NOLSM654256,21-02-2019 ?? 9:04:30,25,6,3,Etching,343,1435,3659,5705,71.658,50.211,1.005
NOLSM655257,21-02-2019 ?? 9:04:30,25,7,2,Etching,674,1643,3691,5702,72.319,51.308,1.033
NOLSM656258,21-02-2019 ?? 9:04:30,25,8,1,Etching,642,1726,3693,5719,72.419,51.39,1.035
NOLSM657259,21-02-2019 ?? 9:04:30,25,9,1,Etching,220,1642,3692,5721,72.529,51.483,1.037
NOLSM6582510,21-02-2019 ?? 9:04:30,25,10,2,Etching,664,1591,3691,5700,72.289,51.091,1.027
NOLSM6592511,21-02-2019 ?? 9:04:30,25,11,3,Etching,482,1611,3679,5709,72.338,51.358,1.034
NOLSM6602512,21-02-2019 ?? 9:04:30,25,12,3,Etching,459,1534,3672,5741,72.27,51.723,1.043
NOLSM6612513,21-02-2019 ?? 9:04:30,25,13,2,Etching,405,1624,3687,5744,72.39,51.761,1.044
NOLSM6622514,21-02-2019 ?? 9:04:30,25,14,1,Etching,361,1466,3677,5707,72.461,51.859,1.046
NOLSM6632515,21-02-2019 ?? 9:04:30,25,15,1,Etching,360,1734,3676,5742,72.387,51.904,1.048
NOLSM6642516,21-02-2019 ?? 9:04:30,25,16,2,Etching,512,1547,3683,5726,72.259,51.64,1.041
NOLSM6652517,21-02-2019 ?? 9:04:30,25,17,3,Etching,350,1509,3674,5750,72.147,51.659,1.041
NOLSM6662518,21-02-2019 ?? 9:04:30,25,18,3,Etching,368,1514,3671,5707,71.99,51.402,1.035
NOLSM6672519,21-02-2019 ?? 9:04:30,25,19,2,Etching,358,1512,3676,5735,71.96,51.656,1.041
NOLSM6682520,21-02-2019 ?? 9:04:30,25,20,1,Etching,351,1366,3668,5750,71.949,51.897,1.047
NOLSM6692521,21-02-2019 ?? 9:04:30,25,21,1,Etching,287,1476,3664,5710,71.995,51.695,1.042
NOLSM6702522,21-02-2019 ?? 9:04:30,25,22,2,Etching,235,1505,3666,5744,71.763,51.814,1.045
NOLSM6712523,21-02-2019 ?? 9:04:30,25,23,3,Etching,599,1647,3700,5707,71.802,51.832,1.046
NOLSM6722524,21-02-2019 ?? 9:04:30,25,24,3,Etching,133,1326,3654,5727,71.77,51.836,1.046
NOLSM6732525,21-02-2019 ?? 9:04:30,25,25,1,Etching,190,1381,3660,5712,71.856,52.061,1.052
NOLSM6742526,21-02-2019 ?? 9:04:30,25,26,1,Etching,170,1410,3659,5743,71.906,52.033,1.051
NOLSM6752527,21-02-2019 ?? 9:04:30,25,27,3,Etching,239,1526,3666,5733,71.859,52.073,1.052
NOLSM676261,22-02-2019 ?? 9:04:30,26,1,3,Etching,306,1507,3668,5707,71.904,52.126,1.053
NOLSM677262,22-02-2019 ?? 9:04:30,26,2,1,Etching,283,1397,3663,5738,71.907,52.343,1.059
NOLSM678263,22-02-2019 ?? 9:04:30,26,3,1,Etching,272,1579,3668,5704,72.034,52.308,1.058
NOLSM679264,22-02-2019 ?? 9:04:30,26,4,2,Etching,285,1427,3667,5752,72.015,52.325,1.058
NOLSM680265,22-02-2019 ?? 9:04:30,26,5,3,Etching,201,1485,3663,5745,72.006,52.381,1.06
NOLSM681266,22-02-2019 ?? 9:04:30,26,6,3,Etching,306,1404,3665,5729,71.986,52.406,1.06
NOLSM682267,22-02-2019 ?? 9:04:30,26,7,2,Etching,233,1436,3664,5753,72.195,52.573,1.064
NOLSM683268,22-02-2019 ?? 9:04:30,26,8,1,Etching,245,1420,3664,5732,72.137,52.568,1.064
NOLSM684269,22-02-2019 ?? 9:04:30,26,9,1,Etching,341,1423,3669,5747,72.165,52.593,1.065
NOLSM6852610,22-02-2019 ?? 9:04:30,26,10,2,Etching,251,1485,3668,5744,72.166,52.621,1.066
NOLSM6862611,22-02-2019 ?? 9:04:30,26,11,3,Etching,301,1492,3672,5728,72.779,52.57,1.064
NOLSM6872612,22-02-2019 ?? 9:04:30,26,12,3,Etching,322,1445,3673,5752,72.569,52.282,1.057
NOLSM6882613,22-02-2019 ?? 9:04:30,26,13,2,Etching,437,1545,3672,5721,71.431,52.567,1.064
NOLSM6892614,22-02-2019 ?? 9:04:30,26,14,1,Etching,356,1520,3675,5710,72.52,52.483,1.062
NOLSM6902615,22-02-2019 ?? 9:04:30,26,15,1,Etching,321,1562,3678,5720,72.757,52.411,1.06
NOLSM6912616,22-02-2019 ?? 9:04:30,26,16,2,Etching,365,1501,3682,5714,72.961,52.464,1.062
NOLSM6922617,22-02-2019 ?? 9:04:30,26,17,3,Etching,339,1449,3668,5725,71.858,52.404,1.06
NOLSM6932618,22-02-2019 ?? 9:04:30,26,18,3,Etching,315,1518,3657,5714,71.11,52.382,1.06
NOLSM6942619,22-02-2019 ?? 9:04:30,26,19,2,Etching,308,1437,3674,5735,72.531,52.336,1.058
NOLSM6952620,22-02-2019 ?? 9:04:30,26,20,1,Etching,282,1543,3668,5716,72.593,52.705,1.068
NOLSM6962621,22-02-2019 ?? 9:04:30,26,21,1,Etching,288,1459,3671,5742,72.257,52.385,1.06
NOLSM6972622,22-02-2019 ?? 9:04:30,26,22,2,Etching,170,1457,3658,5705,71.639,52.326,1.058
NOLSM6982623,22-02-2019 ?? 9:04:30,26,23,3,Etching,163,1436,3656,5744,71.238,52.285,1.057
NOLSM6992624,22-02-2019 ?? 9:04:30,26,24,3,Etching,333,1431,3665,5747,72.144,52.201,1.055
NOLSM7002625,22-02-2019 ?? 9:04:30,26,25,2,Etching,299,1517,3674,5709,72.562,52.031,1.051
NOLSM7012626,22-02-2019 ?? 9:04:30,26,26,1,Etching,292,1397,3665,5704,71.582,52.006,1.05
NOLSM7022627,22-02-2019 ?? 9:04:30,26,27,1,Etching,249,1375,3663,5746,72.428,51.709,1.043
NOLSM704272,23-02-2019 ?? 9:04:30,27,2,3,Etching,172,1360,3659,5708,71.801,51.787,1.045
NOLSM705273,23-02-2019 ?? 9:04:30,27,3,3,Etching,288,1435,3658,5705,71.806,52.015,1.05
NOLSM706274,23-02-2019 ?? 9:04:30,27,4,2,Etching,243,1407,3665,5728,72.187,51.97,1.049
NOLSM707275,23-02-2019 ?? 9:04:30,27,5,1,Etching,266,1584,3655,5732,71.82,51.224,1.031
NOLSM708276,23-02-2019 ?? 9:04:30,27,6,1,Etching,213,1511,3645,5715,71.355,51.298,1.032
NOLSM709277,23-02-2019 ?? 9:04:30,27,7,2,Etching,248,1439,3646,5733,71.142,50.909,1.023
NOLSM710278,23-02-2019 ?? 9:04:30,27,8,3,Etching,262,1523,3649,5709,71.159,51.187,1.03
NOLSM711279,23-02-2019 ?? 9:04:30,27,9,3,Etching,307,1452,3650,5686,71.281,50.985,1.025
NOLSM7122710,23-02-2019 ?? 9:04:30,27,10,2,Etching,249,1417,3649,5726,71.716,50.982,1.025
NOLSM7132711,23-02-2019 ?? 9:04:30,27,11,1,Etching,167,1420,3640,5705,71.216,50.985,1.025
NOLSM7142712,23-02-2019 ?? 9:04:30,27,12,1,Etching,252,1476,3643,5696,71.038,51.2,1.03
NOLSM7152713,23-02-2019 ?? 9:04:30,27,13,2,Etching,238,1439,3647,5691,71.537,51.137,1.028
NOLSM7162714,23-02-2019 ?? 9:04:30,27,14,3,Etching,136,1352,3639,5684,71.059,51.309,1.033
NOLSM7172715,23-02-2019 ?? 9:04:30,27,15,3,Etching,147,1362,3644,5733,71.522,51.166,1.029
NOLSM7182716,23-02-2019 ?? 9:04:30,27,16,1,Etching,149,1329,3645,5732,71.723,51.143,1.029
NOLSM7192717,23-02-2019 ?? 9:04:30,27,17,1,Etching,186,1362,3641,5725,71.071,50.825,1.021
NOLSM7202718,23-02-2019 ?? 9:04:30,27,18,2,Etching,316,1361,3655,5710,71.878,50.846,1.021
NOLSM7212719,23-02-2019 ?? 9:04:30,27,19,3,Etching,228,1542,3656,5741,71.857,51.09,1.027
NOLSM7222720,23-02-2019 ?? 9:04:30,27,20,1,Etching,227,1495,3653,5706,71.969,51.165,1.029
NOLSM7232721,23-02-2019 ?? 9:04:30,27,21,1,Etching,231,1378,3655,5706,72.108,51.182,1.03
NOLSM7242722,23-02-2019 ?? 9:04:30,27,22,2,Etching,242,1366,3650,5739,71.786,51.099,1.027
NOLSM7252723,23-02-2019 ?? 9:04:30,27,23,3,Etching,221,1465,3650,5693,71.889,51.128,1.028
NOLSM7262724,23-02-2019 ?? 9:04:30,27,24,3,Etching,176,1431,3647,5696,71.857,51.073,1.027
NOLSM7272725,23-02-2019 ?? 9:04:30,27,25,2,Etching,361,1420,3661,5726,72.41,51.138,1.028
NOLSM7282726,23-02-2019 ?? 9:04:30,27,26,1,Etching,275,1434,3656,5702,71.95,51.169,1.029
NOLSM7292727,23-02-2019 ?? 9:04:30,27,27,1,Etching,140,1374,3644,5731,71.687,51.341,1.034
NOLSM730281,24-02-2019 ?? 9:04:30,28,1,2,Etching,234,1398,3656,5745,72.253,51.479,1.037
NOLSM731282,24-02-2019 ?? 9:04:30,28,2,3,Etching,209,1439,3651,5698,72.308,51.797,1.045
NOLSM732283,24-02-2019 ?? 9:04:30,28,3,3,Etching,269,1437,3651,5702,71.924,51.22,1.03
NOLSM733284,24-02-2019 ?? 9:04:30,28,4,2,Etching,261,1617,3661,5731,72.482,51.299,1.032
NOLSM734285,24-02-2019 ?? 9:04:30,28,5,1,Etching,312,1563,3657,5708,71.863,51.602,1.04
NOLSM735286,24-02-2019 ?? 9:04:30,28,6,1,Etching,265,1320,3655,5694,72.07,51.533,1.038
NOLSM736287,24-02-2019 ?? 9:04:30,28,7,2,Etching,210,1476,3655,5716,71.927,51.814,1.045
NOLSM737288,24-02-2019 ?? 9:04:30,28,8,3,Etching,202,1433,3649,5727,71.588,51.84,1.046
NOLSM738289,24-02-2019 ?? 9:04:30,28,9,3,Etching,317,1494,3670,5722,72.638,51.816,1.045
NOLSM7392810,24-02-2019 ?? 9:04:30,28,10,2,Etching,162,1447,3652,5717,72.026,51.692,1.042
NOLSM7402811,24-02-2019 ?? 9:04:30,28,11,1,Etching,150,1333,3648,5711,71.776,51.503,1.038
NOLSM7412812,24-02-2019 ?? 9:04:30,28,12,1,Etching,249,1530,3662,5737,72.45,51.518,1.038
NOLSM7422813,24-02-2019 ?? 9:04:30,28,13,2,Etching,237,1488,3664,5739,72.781,51.407,1.035
NOLSM7432814,24-02-2019 ?? 9:04:30,28,14,3,Etching,257,1423,3656,5724,72.268,51.404,1.035
NOLSM7442815,24-02-2019 ?? 9:04:30,28,15,3,Etching,285,1391,3669,5713,72.758,51.384,1.035
NOLSM7452816,24-02-2019 ?? 9:04:30,28,16,2,Etching,307,1533,3668,5706,72.682,51.336,1.033
NOLSM7462817,24-02-2019 ?? 9:04:30,28,17,1,Etching,319,1343,3658,5712,71.36,51.034,1.026
NOLSM7472818,24-02-2019 ?? 9:04:30,28,18,1,Etching,169,1465,3668,5731,72.663,51.236,1.031
NOLSM7482819,24-02-2019 ?? 9:04:30,28,19,2,Etching,269,1475,3656,5730,71.927,51.247,1.031
NOLSM7492820,24-02-2019 ?? 9:04:30,28,20,3,Etching,233,1363,3664,5709,72.255,51.174,1.029
NOLSM7502821,24-02-2019 ?? 9:04:30,28,21,3,Etching,301,1359,3668,5730,72.873,51.198,1.03
NOLSM7512822,24-02-2019 ?? 9:04:30,28,22,2,Etching,269,1481,3669,5710,72.886,50.996,1.025
NOLSM7522823,24-02-2019 ?? 9:04:30,28,23,1,Etching,289,1391,3654,5722,71.397,50.447,1.011
NOLSM7532824,24-02-2019 ?? 9:04:30,28,24,1,Etching,250,1384,3658,5730,72.107,50.79,1.02
NOLSM7542825,24-02-2019 ?? 9:04:30,28,25,2,Etching,238,1496,3672,5749,72.92,51.323,1.033
NOLSM7552826,24-02-2019 ?? 9:04:30,28,26,3,Etching,270,1462,3659,5712,72.151,51.12,1.028
NOLSM7562827,24-02-2019 ?? 9:04:30,28,27,2,Etching,320,1419,3668,5731,72.133,50.889,1.022
NOLSM757291,25-02-2019 ?? 9:04:30,29,1,1,Etching,309,1424,3665,5722,71.687,50.543,1.014
NOLSM758292,25-02-2019 ?? 9:04:30,29,2,1,Etching,316,1472,3663,5701,72.077,50.807,1.02
NOLSM759293,25-02-2019 ?? 9:04:30,29,3,2,Etching,308,1464,3666,5711,72.195,50.811,1.02
NOLSM760294,25-02-2019 ?? 9:04:30,29,4,3,Etching,317,1441,3663,5733,71.262,50.83,1.021
NOLSM761295,25-02-2019 ?? 9:04:30,29,5,3,Etching,523,1614,3682,5729,71.679,50.763,1.019
NOLSM762296,25-02-2019 ?? 9:04:30,29,6,2,Etching,105,1278,3609,5691,68.653,50.196,1.005
NOLSM763297,25-02-2019 ?? 9:04:30,29,7,1,Etching,111,1284,3613,5679,69.117,50.388,1.01
NOLSM764298,25-02-2019 ?? 9:04:30,29,8,1,Etching,147,1409,3632,5696,71.004,50.546,1.014
NOLSM765299,25-02-2019 ?? 9:04:30,29,9,2,Etching,159,1328,3632,5686,70.905,50.328,1.008
NOLSM7662910,25-02-2019 ?? 9:04:30,29,10,3,Etching,165,1380,3649,5739,72.356,49.965,0.999
NOLSM7672911,25-02-2019 ?? 9:04:30,29,11,3,Etching,106,1381,3644,5724,72.017,49.902,0.998
NOLSM7682912,25-02-2019 ?? 9:04:30,29,12,2,Etching,187,1296,3633,5726,70.86,49.901,0.998
NOLSM7692913,25-02-2019 ?? 9:04:30,29,13,1,Etching,128,1345,3639,5700,71.526,50.297,1.007
NOLSM7702914,25-02-2019 ?? 9:04:30,29,14,1,Etching,180,1376,3644,5688,71.17,50.047,1.001
NOLSM7712915,25-02-2019 ?? 9:04:30,29,15,2,Etching,211,1385,3643,5689,71.597,50.415,1.01
NOLSM7722916,25-02-2019 ?? 9:04:30,29,16,3,Etching,190,1482,3647,5711,71.724,50.827,1.021
NOLSM7732917,25-02-2019 ?? 9:04:30,29,17,2,Etching,214,1384,3644,5730,71.293,50.372,1.009
NOLSM7742918,25-02-2019 ?? 9:04:30,29,18,1,Etching,174,1473,3647,5737,71.482,50.828,1.021
NOLSM7752919,25-02-2019 ?? 9:04:30,29,19,1,Etching,178,1371,3648,5740,72.153,50.839,1.021
NOLSM7762920,25-02-2019 ?? 9:04:30,29,20,2,Etching,183,1272,3639,5714,71.525,50.977,1.024
NOLSM7772921,25-02-2019 ?? 9:04:30,29,21,3,Etching,141,1408,3641,5727,71.301,50.744,1.019
NOLSM7782922,25-02-2019 ?? 9:04:30,29,22,3,Etching,176,1361,3643,5721,71.424,50.838,1.021
NOLSM7792923,25-02-2019 ?? 9:04:30,29,23,1,Etching,223,1360,3645,5731,71.497,50.802,1.02
NOLSM7802924,25-02-2019 ?? 9:04:30,29,24,1,Etching,108,1521,3639,5698,71.523,50.668,1.017
NOLSM7812925,25-02-2019 ?? 9:04:30,29,25,3,Etching,339,1465,3657,5695,72.437,50.554,1.014
NOLSM7822926,25-02-2019 ?? 9:04:30,29,26,3,Etching,321,1471,3661,5696,71.923,50.489,1.012
NOLSM7832927,25-02-2019 ?? 9:04:30,29,27,2,Etching,328,1596,3657,5713,71.379,50.21,1.005
NOLSM784301,26-02-2019 ?? 9:04:30,30,1,1,Etching,364,1563,3658,5691,71.356,50.275,1.007
NOLSM785302,26-02-2019 ?? 9:04:30,30,2,1,Etching,308,1643,3659,5724,71.618,50.387,1.01
NOLSM786303,26-02-2019 ?? 9:04:30,30,3,2,Etching,344,1490,3656,5741,71.966,50.228,1.006
NOLSM787304,26-02-2019 ?? 9:04:30,30,4,3,Etching,379,1625,3662,5738,71.726,50.101,1.003
NOLSM788305,26-02-2019 ?? 9:04:30,30,5,3,Etching,280,1381,3655,5737,71.832,49.907,0.998
NOLSM789306,26-02-2019 ?? 9:04:30,30,6,2,Etching,239,1457,3645,5693,71.249,50.161,1.004
NOLSM790307,26-02-2019 ?? 9:04:30,30,7,1,Etching,171,1324,3638,5731,70.84,50.292,1.007
NOLSM791308,26-02-2019 ?? 9:04:30,30,8,1,Etching,172,1436,3654,5709,72.095,50.281,1.007
NOLSM792309,26-02-2019 ?? 9:04:30,30,9,3,Etching,257,1393,3643,5708,71.333,50.062,1.002
NOLSM7933010,26-02-2019 ?? 9:04:30,30,10,3,Etching,172,1375,3641,5719,71.668,50.071,1.002
NOLSM7943011,26-02-2019 ?? 9:04:30,30,11,2,Etching,236,1382,3647,5712,71.731,50.103,1.003
NOLSM7953012,26-02-2019 ?? 9:04:30,30,12,1,Etching,151,1301,3641,5721,71.655,50.128,1.003
NOLSM7963013,26-02-2019 ?? 9:04:30,30,13,1,Etching,200,1306,3638,5714,71.271,50.421,1.011
NOLSM7973014,26-02-2019 ?? 9:04:30,30,14,2,Etching,261,1423,3647,5720,71.692,50.401,1.01
NOLSM7983015,26-02-2019 ?? 9:04:30,30,15,3,Etching,181,1431,3647,5711,71.683,49.646,0.991
NOLSM7993016,26-02-2019 ?? 9:04:30,30,16,3,Etching,150,1368,3632,5683,70.706,49.944,0.999
NOLSM8003017,26-02-2019 ?? 9:04:30,30,17,2,Etching,185,1401,3642,5695,71.706,49.918,0.998
NOLSM8013018,26-02-2019 ?? 9:04:30,30,18,1,Etching,166,1362,3641,5688,71.164,49.894,0.997
NOLSM8023019,26-02-2019 ?? 9:04:30,30,19,1,Etching,202,1460,3634,5726,70.758,49.87,0.997
NOLSM8033020,26-02-2019 ?? 9:04:30,30,20,3,Etching,177,1247,3629,5705,70.762,50.448,1.011
NOLSM8043021,26-02-2019 ?? 9:04:30,30,21,3,Etching,143,1463,3638,5728,71.387,50.593,1.015
NOLSM8053022,26-02-2019 ?? 9:04:30,30,22,2,Etching,173,1351,3628,5720,70.556,50.313,1.008
NOLSM8063023,26-02-2019 ?? 9:04:30,30,23,1,Etching,140,1389,3633,5697,70.775,49.884,0.997
NOLSM8073024,26-02-2019 ?? 9:04:30,30,24,1,Etching,191,1395,3633,5698,70.247,50.223,1.006
NOLSM8083025,26-02-2019 ?? 9:04:30,30,25,2,Etching,138,1383,3633,5696,71.175,50.263,1.007
NOLSM8093026,26-02-2019 ?? 9:04:30,30,26,3,Etching,177,1472,3634,5728,70.93,50.792,1.02
NOLSM8103027,26-02-2019 ?? 9:04:30,30,27,3,Etching,202,1445,3637,5735,71.497,50.566,1.014
NOLSM811311,27-02-2019 ?? 9:04:30,31,1,2,Etching,246,1392,3640,5710,71.723,50.784,1.02
NOLSM812312,27-02-2019 ?? 9:04:30,31,2,1,Etching,150,1427,3641,5711,70.792,50.76,1.019
NOLSM813313,27-02-2019 ?? 9:04:30,31,3,1,Etching,232,1410,3642,5699,71.115,50.672,1.017
NOLSM814314,27-02-2019 ?? 9:04:30,31,4,2,Etching,237,1452,3640,5725,70.445,50.163,1.004
NOLSM815315,27-02-2019 ?? 9:04:30,31,5,3,Etching,124,1394,3622,5716,69.576,50.315,1.008
NOLSM816316,27-02-2019 ?? 9:04:30,31,6,3,Etching,263,1386,3641,5689,71.212,50.668,1.017
NOLSM817317,27-02-2019 ?? 9:04:30,31,7,2,Etching,150,1372,3631,5700,70.575,50.617,1.015
NOLSM818318,27-02-2019 ?? 9:04:30,31,8,1,Etching,174,1446,3638,5684,71.077,50.473,1.012
NOLSM819319,27-02-2019 ?? 9:04:30,31,9,1,Etching,140,1281,3635,5697,71.065,50.229,1.006
NOLSM8203110,27-02-2019 ?? 9:04:30,31,10,2,Etching,119,1369,3637,5693,71.387,50.075,1.002
NOLSM8213111,27-02-2019 ?? 9:04:30,31,11,3,Etching,204,1428,3641,5701,70.745,49.845,0.996
NOLSM8223112,27-02-2019 ?? 9:04:30,31,12,1,Etching,236,1372,3642,5692,70.585,50.113,1.003
NOLSM8233113,27-02-2019 ?? 9:04:30,31,13,1,Etching,151,1369,3638,5705,71.06,49.878,0.997
NOLSM8243114,27-02-2019 ?? 9:04:30,31,14,2,Etching,207,1402,3633,5683,70.365,50.029,1.001
NOLSM8253115,27-02-2019 ?? 9:04:30,31,15,3,Etching,212,1427,3630,5700,69.918,49.922,0.998
NOLSM8263116,27-02-2019 ?? 9:04:30,31,16,3,Etching,218,1343,3650,5699,71.169,50.214,1.005
NOLSM8273117,27-02-2019 ?? 9:04:30,31,17,1,Etching,177,1343,3632,5693,70.12,49.962,0.999
NOLSM8283118,27-02-2019 ?? 9:04:30,31,18,1,Etching,221,1417,3645,5736,71.263,50.032,1.001
NOLSM8293119,27-02-2019 ?? 9:04:30,31,19,2,Etching,175,1359,3646,5719,71.656,50.185,1.005
NOLSM8303120,27-02-2019 ?? 9:04:30,31,20,3,Etching,202,1416,3631,5700,70.218,49.806,0.995
NOLSM8313121,27-02-2019 ?? 9:04:30,31,21,3,Etching,313,1510,3663,5722,71.536,50.46,1.011
NOLSM8323122,27-02-2019 ?? 9:04:30,31,22,2,Etching,224,1404,3645,5723,70.395,50.431,1.011
NOLSM8333123,27-02-2019 ?? 9:04:30,31,23,1,Etching,333,1445,3663,5730,71.533,50.477,1.012
NOLSM8343124,27-02-2019 ?? 9:04:30,31,24,1,Etching,269,1511,3658,5741,71.794,50.856,1.021
NOLSM8353125,27-02-2019 ?? 9:04:30,31,25,2,Etching,216,1477,3656,5699,71.361,51.057,1.026
NOLSM8363126,27-02-2019 ?? 9:04:30,31,26,3,Etching,278,1490,3662,5717,72.044,50.855,1.021
NOLSM8373127,27-02-2019 ?? 9:04:30,31,27,3,Etching,329,1447,3664,5704,71.199,50.927,1.023
NOLSM838321,28-02-2019 ?? 9:04:30,32,1,2,Etching,277,1486,3659,5726,71.756,50.712,1.018
NOLSM839322,28-02-2019 ?? 9:04:30,32,2,1,Etching,252,1424,3667,5750,72.353,50.985,1.025
NOLSM840323,28-02-2019 ?? 9:04:30,32,3,1,Etching,204,1412,3658,5705,72.067,50.812,1.02
NOLSM841324,28-02-2019 ?? 9:04:30,32,4,2,Etching,154,1449,3661,5708,72.209,50.964,1.024
NOLSM842325,28-02-2019 ?? 9:04:30,32,5,3,Etching,207,1327,3658,5724,72.044,50.635,1.016
NOLSM843326,28-02-2019 ?? 9:04:30,32,6,3,Etching,183,1353,3645,5693,70.624,50.678,1.017
NOLSM844327,28-02-2019 ?? 9:04:30,32,7,2,Etching,249,1515,3656,5704,71.237,50.504,1.013
NOLSM845328,28-02-2019 ?? 9:04:30,32,8,1,Etching,141,1363,3646,5727,71.046,50.519,1.013
NOLSM846329,28-02-2019 ?? 9:04:30,32,9,1,Etching,208,1344,3648,5706,70.859,50.471,1.012
NOLSM8473210,28-02-2019 ?? 9:04:30,32,10,2,Etching,230,1520,3655,5734,71.294,50.294,1.007
NOLSM8483211,28-02-2019 ?? 9:04:30,32,11,3,Etching,177,1510,3655,5726,71.55,50.601,1.015
NOLSM8493212,28-02-2019 ?? 9:04:30,32,12,3,Etching,180,1433,3643,5690,70.718,50.424,1.011
NOLSM8503213,28-02-2019 ?? 9:04:30,32,13,2,Etching,142,1472,3649,5700,71.295,50.602,1.015
NOLSM8513214,28-02-2019 ?? 9:04:30,32,14,1,Etching,127,1341,3646,5722,71.199,50.544,1.014
NOLSM8523215,28-02-2019 ?? 9:04:30,32,15,1,Etching,193,1430,3656,5735,71.624,50.576,1.014
