No_Die,Datetime,Lot_Num,Wafer_Num,Ox_Chamber,process,type,Temp_OXid,Vapor,ppm,Pressure,Oxid_time,thickness
NOLSM111,17-02-2019 ?? 9:04:30,1,1,1,Oxidation,dry,1138.979159,H2O,32.8,0.2,62,699.443
NOLSM212,17-02-2019 ?? 9:04:30,1,2,1,Oxidation,dry,1218.184551,H2O,31.86,0.194,137,696.792
NOLSM313,17-02-2019 ?? 9:04:30,1,3,1,Oxidation,dry,1062.467808,O2,39.51,0.217,128,705.471
NOLSM414,17-02-2019 ?? 9:04:30,1,4,1,Oxidation,dry,1114.704773,O2,32.88,0.201,90,710.772
NOLSM515,17-02-2019 ?? 9:04:30,1,5,1,Oxidation,dry,989.4119462,H2O,38.11,0.204,98,716.975
NOLSM616,17-02-2019 ?? 9:04:30,1,6,1,Oxidation,wet,979.1097026,H2O,39.93,0.204,132,698.725
NOLSM717,17-02-2019 ?? 9:04:30,1,7,1,Oxidation,wet,1136.114954,O2,35.63,0.2,74,709.703
NOLSM818,17-02-2019 ?? 9:04:30,1,8,1,Oxidation,dry,1096.241849,H2O,28.6,0.199,291,696.438
NOLSM919,17-02-2019 ?? 9:04:30,1,9,2,Oxidation,dry,1042.243992,O2,34.58,0.203,61,712.977
NOLSM10110,17-02-2019 ?? 9:04:30,1,10,2,Oxidation,dry,1104.836285,H2O,34.95,0.204,117,725.873
NOLSM11111,17-02-2019 ?? 9:04:30,1,11,2,Oxidation,dry,1077.751749,O2,32.59,0.189,87,689.049
NOLSM12112,17-02-2019 ?? 9:04:30,1,12,2,Oxidation,dry,1113.712029,H2O,38.02,0.218,80,708.738
NOLSM13113,17-02-2019 ?? 9:04:30,1,13,2,Oxidation,dry,1193.96599,O2,33.81,0.202,149,716.118
NOLSM14114,17-02-2019 ?? 9:04:30,1,14,2,Oxidation,dry,1098.177968,O2,29.05,0.216,149,703.595
NOLSM15115,17-02-2019 ?? 9:04:30,1,15,2,Oxidation,dry,1013.703486,O2,49.91,0.209,101,721.105
NOLSM16116,17-02-2019 ?? 9:04:30,1,16,2,Oxidation,wet,1102.425583,O2,32.47,0.203,112,703.686
NOLSM17117,17-02-2019 ?? 9:04:30,1,17,2,Oxidation,dry,1100.646875,O2,32.82,0.205,101,702.403
NOLSM18118,17-02-2019 ?? 9:04:30,1,18,3,Oxidation,dry,996.1626408,H2O,36.66,0.194,148,707.175
NOLSM19119,17-02-2019 ?? 9:04:30,1,19,3,Oxidation,wet,1017.293112,H2O,35.44,0.203,157,719.64
NOLSM20120,17-02-2019 ?? 9:04:30,1,20,3,Oxidation,dry,1037.438376,O2,36.74,0.205,147,709.838
NOLSM21121,17-02-2019 ?? 9:04:30,1,21,3,Oxidation,dry,1000.063674,O2,25.53,0.203,56,715.592
NOLSM22122,17-02-2019 ?? 9:04:30,1,22,3,Oxidation,dry,1080.085993,O2,42.37,0.212,84,698.922
NOLSM23123,17-02-2019 ?? 9:04:30,1,23,3,Oxidation,dry,1068.506643,O2,31.47,0.212,117,708.278
NOLSM24124,17-02-2019 ?? 9:04:30,1,24,3,Oxidation,wet,1067.237334,O2,37.17,0.205,137,704.101
NOLSM25125,17-02-2019 ?? 9:04:30,1,25,3,Oxidation,wet,1035.356914,H2O,35.36,0.21,125,715.292
NOLSM26126,17-02-2019 ?? 9:04:30,1,26,3,Oxidation,wet,1104.129739,O2,39.02,0.206,204,696.973
NOLSM27127,17-02-2019 ?? 9:04:30,1,27,1,Oxidation,dry,956.156908,H2O,33.41,0.218,144,713.383
NOLSM2821,18-02-2019 ?? 9:04:30,2,1,1,Oxidation,dry,1058.827973,O2,32.41,0.209,114,707.44
NOLSM2922,18-02-2019 ?? 9:04:30,2,2,1,Oxidation,dry,1240.289547,H2O,37.48,0.204,106,707.18
NOLSM3023,18-02-2019 ?? 9:04:30,2,3,1,Oxidation,dry,1097.008332,H2O,32.84,0.206,165,714.239
NOLSM3124,18-02-2019 ?? 9:04:30,2,4,1,Oxidation,wet,1133.01699,O2,32.35,0.201,174,704.313
NOLSM3225,18-02-2019 ?? 9:04:30,2,5,1,Oxidation,dry,1023.121162,H2O,37.89,0.204,75,699.531
NOLSM3326,18-02-2019 ?? 9:04:30,2,6,1,Oxidation,dry,1101.396388,H2O,31.7,0.21,167,702.707
NOLSM3427,18-02-2019 ?? 9:04:30,2,7,2,Oxidation,dry,1159.860168,H2O,30.63,0.202,151,706.277
NOLSM3528,18-02-2019 ?? 9:04:30,2,8,2,Oxidation,dry,1041.009606,O2,35.88,0.221,113,713.085
NOLSM3629,18-02-2019 ?? 9:04:30,2,9,2,Oxidation,dry,1131.774318,O2,42.9,0.199,64,703.97
NOLSM37210,18-02-2019 ?? 9:04:30,2,10,2,Oxidation,wet,1011.580452,O2,27.08,0.2,113,711.401
NOLSM38211,18-02-2019 ?? 9:04:30,2,11,2,Oxidation,dry,1096.890728,H2O,39.28,0.193,147,723.358
NOLSM39212,18-02-2019 ?? 9:04:30,2,12,2,Oxidation,wet,910.9641205,H2O,29.1,0.215,128,713.195
NOLSM40213,18-02-2019 ?? 9:04:30,2,13,2,Oxidation,dry,1167.0116,O2,27.49,0.201,68,708.223
NOLSM41214,18-02-2019 ?? 9:04:30,2,14,2,Oxidation,dry,1031.064061,H2O,34.11,0.205,129,709.468
NOLSM42215,18-02-2019 ?? 9:04:30,2,15,2,Oxidation,dry,1180.339485,H2O,37.93,0.212,179,702.876
NOLSM43216,18-02-2019 ?? 9:04:30,2,16,3,Oxidation,wet,1030.763662,O2,33.82,0.213,55,705.424
NOLSM44217,18-02-2019 ?? 9:04:30,2,17,3,Oxidation,wet,1154.106984,H2O,33.08,0.205,121,694.973
NOLSM45218,18-02-2019 ?? 9:04:30,2,18,3,Oxidation,dry,984.8097387,H2O,35.14,0.21,125,699.61
NOLSM46219,18-02-2019 ?? 9:04:30,2,19,3,Oxidation,dry,1141.708438,H2O,25.2,0.195,186,709.326
NOLSM47220,18-02-2019 ?? 9:04:30,2,20,3,Oxidation,wet,1183.72364,H2O,32.31,0.225,178,703.43
NOLSM48221,18-02-2019 ?? 9:04:30,2,21,3,Oxidation,dry,1226.02363,O2,31.05,0.202,135,693.884
NOLSM49222,18-02-2019 ?? 9:04:30,2,22,3,Oxidation,dry,1189.47041,O2,44.4,0.21,91,712.072
NOLSM50223,18-02-2019 ?? 9:04:30,2,23,3,Oxidation,dry,1080.213522,H2O,32.52,0.193,90,707.578
NOLSM51224,18-02-2019 ?? 9:04:30,2,24,3,Oxidation,dry,1139.689998,O2,37.34,0.205,86,706.773
NOLSM52225,18-02-2019 ?? 9:04:30,2,25,1,Oxidation,wet,1070.574238,O2,35.21,0.21,56,714.762
NOLSM53226,18-02-2019 ?? 9:04:30,2,26,1,Oxidation,wet,1035.612398,H2O,39.84,0.22,126,697.495
NOLSM54227,18-02-2019 ?? 9:04:30,2,27,1,Oxidation,dry,1162.993616,O2,38.4,0.212,107,716.621
NOLSM5531,19-02-2019 ?? 9:04:30,3,1,1,Oxidation,dry,1136.22938,O2,38.47,0.203,96,715.089
NOLSM5632,19-02-2019 ?? 9:04:30,3,2,1,Oxidation,dry,935.9416503,O2,40.44,0.199,86,710.55
NOLSM5733,19-02-2019 ?? 9:04:30,3,3,1,Oxidation,wet,1209.655669,H2O,31.58,0.188,64,709.429
NOLSM5834,19-02-2019 ?? 9:04:30,3,4,1,Oxidation,dry,1118.484294,O2,26.32,0.211,118,712.611
NOLSM5935,19-02-2019 ?? 9:04:30,3,5,1,Oxidation,dry,1090.34799,H2O,48.42,0.213,205,711.35
NOLSM6036,19-02-2019 ?? 9:04:30,3,6,2,Oxidation,dry,1130.379139,O2,29.89,0.208,105,715.478
NOLSM6137,19-02-2019 ?? 9:04:30,3,7,2,Oxidation,wet,1062.071072,O2,36.82,0.201,160,709.683
NOLSM6238,19-02-2019 ?? 9:04:30,3,8,2,Oxidation,dry,1042.367432,H2O,31.54,0.205,116,706.795
NOLSM6339,19-02-2019 ?? 9:04:30,3,9,2,Oxidation,wet,1003.215495,H2O,39.23,0.196,104,702.837
NOLSM64310,19-02-2019 ?? 9:04:30,3,10,2,Oxidation,wet,1094.853441,O2,38.6,0.213,241,714.84
NOLSM65311,19-02-2019 ?? 9:04:30,3,11,2,Oxidation,wet,1133.570759,O2,38.76,0.207,209,700.438
NOLSM66312,19-02-2019 ?? 9:04:30,3,12,2,Oxidation,dry,1168.763108,O2,35.52,0.219,125,708.839
NOLSM67313,19-02-2019 ?? 9:04:30,3,13,2,Oxidation,wet,967.6231332,O2,35.31,0.217,81,709.833
NOLSM68314,19-02-2019 ?? 9:04:30,3,14,3,Oxidation,dry,957.2372743,O2,28.59,0.21,18.8,699.547
NOLSM69315,19-02-2019 ?? 9:04:30,3,15,3,Oxidation,wet,1114.972268,O2,30.87,0.202,156,716.948
NOLSM70316,19-02-2019 ?? 9:04:30,3,16,3,Oxidation,wet,1119.813354,O2,35.73,0.211,170,703.516
NOLSM71317,19-02-2019 ?? 9:04:30,3,17,3,Oxidation,wet,1096.568516,O2,31.09,0.216,29,713.406
NOLSM72318,19-02-2019 ?? 9:04:30,3,18,3,Oxidation,dry,1102.750309,H2O,37.47,0.205,68,693.691
NOLSM73319,19-02-2019 ?? 9:04:30,3,19,3,Oxidation,dry,1152.892732,H2O,31.33,0.189,81,718.116
NOLSM74320,19-02-2019 ?? 9:04:30,3,20,3,Oxidation,dry,991.1582159,O2,34.8,0.205,109,708.625
NOLSM75321,19-02-2019 ?? 9:04:30,3,21,1,Oxidation,dry,1090.050666,O2,41.2,0.206,82,703.101
NOLSM76322,19-02-2019 ?? 9:04:30,3,22,1,Oxidation,dry,978.4758557,H2O,39.65,0.224,136,700.313
NOLSM77323,19-02-2019 ?? 9:04:30,3,23,1,Oxidation,dry,1140.098609,O2,37.49,0.203,166,713.858
NOLSM78324,19-02-2019 ?? 9:04:30,3,24,1,Oxidation,wet,1002.081849,H2O,34.94,0.207,210,719.16
NOLSM79325,19-02-2019 ?? 9:04:30,3,25,1,Oxidation,wet,1066.912904,O2,30.02,0.198,114,715.85
NOLSM80326,19-02-2019 ?? 9:04:30,3,26,1,Oxidation,dry,1080.425381,H2O,30.27,0.194,77,715.825
NOLSM81327,19-02-2019 ?? 9:04:30,3,27,1,Oxidation,dry,1000.981319,O2,44.38,0.215,218,710.922
NOLSM8241,20-02-2019 ?? 9:04:30,4,1,1,Oxidation,dry,1053.755618,H2O,30.78,0.199,85,713.701
NOLSM8342,20-02-2019 ?? 9:04:30,4,2,2,Oxidation,dry,1037.156662,O2,29.54,0.217,172,731.528
NOLSM8443,20-02-2019 ?? 9:04:30,4,3,2,Oxidation,dry,1088.430514,O2,36.28,0.207,53,714.837
NOLSM8544,20-02-2019 ?? 9:04:30,4,4,2,Oxidation,dry,1115.842947,O2,30.79,0.205,122,709.829
NOLSM8645,20-02-2019 ?? 9:04:30,4,5,2,Oxidation,dry,1042.38735,O2,37.12,0.212,89,696.904
NOLSM8746,20-02-2019 ?? 9:04:30,4,6,2,Oxidation,wet,987.5098228,H2O,32.08,0.206,84,716.66
NOLSM8847,20-02-2019 ?? 9:04:30,4,7,2,Oxidation,dry,1189.072862,H2O,27.33,0.203,145,713.775
NOLSM8948,20-02-2019 ?? 9:04:30,4,8,2,Oxidation,dry,965.9518859,O2,34.15,0.201,143,696.528
NOLSM9049,20-02-2019 ?? 9:04:30,4,9,2,Oxidation,dry,1035.222525,O2,35.06,0.215,16,711.408
NOLSM91410,20-02-2019 ?? 9:04:30,4,10,3,Oxidation,dry,1065.739735,H2O,35.85,0.205,137,719.537
NOLSM92411,20-02-2019 ?? 9:04:30,4,11,3,Oxidation,wet,950.904005,O2,34.93,0.192,48,714.554
NOLSM93412,20-02-2019 ?? 9:04:30,4,12,3,Oxidation,wet,1119.818696,O2,38.17,0.208,44,706.898
NOLSM94413,20-02-2019 ?? 9:04:30,4,13,3,Oxidation,dry,1130.430757,H2O,28.3,0.223,94,717.055
NOLSM95414,20-02-2019 ?? 9:04:30,4,14,3,Oxidation,dry,1101.550706,H2O,37.71,0.211,67,719.217
NOLSM96415,20-02-2019 ?? 9:04:30,4,15,3,Oxidation,dry,1057.993588,H2O,33.68,0.209,70,705.754
NOLSM97416,20-02-2019 ?? 9:04:30,4,16,3,Oxidation,dry,875.5032748,O2,44.49,0.208,74,713.42
NOLSM98417,20-02-2019 ?? 9:04:30,4,17,3,Oxidation,dry,1199.230883,O2,30.89,0.206,74,711.44
NOLSM99418,20-02-2019 ?? 9:04:30,4,18,1,Oxidation,wet,1019.398602,O2,36.17,0.209,116,712.1
NOLSM100419,20-02-2019 ?? 9:04:30,4,19,1,Oxidation,wet,1041.249438,O2,33.55,0.194,80,701.46
NOLSM101420,20-02-2019 ?? 9:04:30,4,20,1,Oxidation,dry,1113.101915,H2O,41.09,0.201,83,697.565
NOLSM102421,20-02-2019 ?? 9:04:30,4,21,1,Oxidation,wet,1049.334768,O2,38.07,0.2,95,713.144
NOLSM103422,20-02-2019 ?? 9:04:30,4,22,1,Oxidation,dry,1022.095674,O2,30.38,0.216,96,722.552
NOLSM104423,20-02-2019 ?? 9:04:30,4,23,1,Oxidation,wet,1058.509868,O2,29.19,0.206,82,700.946
NOLSM105424,20-02-2019 ?? 9:04:30,4,24,1,Oxidation,wet,1058.249003,O2,33.59,0.206,89,712.311
NOLSM106425,20-02-2019 ?? 9:04:30,4,25,1,Oxidation,wet,959.5171027,H2O,28.78,0.198,51,709.928
NOLSM107426,20-02-2019 ?? 9:04:30,4,26,2,Oxidation,dry,1210.740167,O2,31.72,0.204,141,720.435
NOLSM108427,20-02-2019 ?? 9:04:30,4,27,2,Oxidation,dry,1118.862593,H2O,39.92,0.217,82,707.316
NOLSM10951,21-02-2019 ?? 9:04:30,5,1,2,Oxidation,dry,1062.490887,H2O,40.51,0.211,77,696.504
NOLSM11052,21-02-2019 ?? 9:04:30,5,2,2,Oxidation,dry,980.7046115,H2O,28.29,0.221,117,718.15
NOLSM11153,21-02-2019 ?? 9:04:30,5,3,2,Oxidation,dry,1029.098935,H2O,25.43,0.198,128,703.168
NOLSM11254,21-02-2019 ?? 9:04:30,5,4,2,Oxidation,dry,1169.617691,O2,32.03,0.209,138,711.745
NOLSM11355,21-02-2019 ?? 9:04:30,5,5,2,Oxidation,wet,988.2489318,O2,34.94,0.219,127,708.118
NOLSM11456,21-02-2019 ?? 9:04:30,5,6,2,Oxidation,dry,1077.695427,O2,45.96,0.187,145,704.485
NOLSM11557,21-02-2019 ?? 9:04:30,5,7,3,Oxidation,wet,979.6755987,H2O,33.73,0.222,72,711.354
NOLSM11658,21-02-2019 ?? 9:04:30,5,8,3,Oxidation,dry,1118.675756,H2O,34.79,0.197,127,706.008
NOLSM11759,21-02-2019 ?? 9:04:30,5,9,3,Oxidation,dry,922.750781,O2,34.18,0.212,53,720.685
NOLSM118510,21-02-2019 ?? 9:04:30,5,10,3,Oxidation,wet,1203.228875,H2O,33.83,0.196,72,704.142
NOLSM119511,21-02-2019 ?? 9:04:30,5,11,3,Oxidation,dry,1026.879229,O2,31.29,0.204,28,727.564
NOLSM120512,21-02-2019 ?? 9:04:30,5,12,3,Oxidation,dry,1019.961585,O2,34.64,0.216,46,704.981
NOLSM121513,21-02-2019 ?? 9:04:30,5,13,3,Oxidation,dry,1107.550486,H2O,33.95,0.205,130,704.261
NOLSM122514,21-02-2019 ?? 9:04:30,5,14,3,Oxidation,wet,1150.197885,H2O,39.06,0.206,145,710.897
NOLSM123515,21-02-2019 ?? 9:04:30,5,15,3,Oxidation,dry,1182.456714,O2,37.39,0.209,36,715.956
NOLSM124516,21-02-2019 ?? 9:04:30,5,16,1,Oxidation,dry,1061.165672,H2O,31.85,0.204,162,696.61
NOLSM125517,21-02-2019 ?? 9:04:30,5,17,1,Oxidation,dry,1181.26048,O2,34.65,0.216,41,712.668
NOLSM126518,21-02-2019 ?? 9:04:30,5,18,1,Oxidation,wet,1148.881718,O2,31.13,0.206,31,690.617
NOLSM127519,21-02-2019 ?? 9:04:30,5,19,1,Oxidation,dry,1187.821697,O2,28.68,0.21,150,703.181
NOLSM128520,21-02-2019 ?? 9:04:30,5,20,1,Oxidation,dry,1181.770049,H2O,34.78,0.218,199,709.507
NOLSM129521,21-02-2019 ?? 9:04:30,5,21,1,Oxidation,dry,999.2692965,O2,36.11,0.191,143,711.843
NOLSM130522,21-02-2019 ?? 9:04:30,5,22,1,Oxidation,dry,960.2343251,H2O,35.46,0.187,100,681.435
NOLSM131523,21-02-2019 ?? 9:04:30,5,23,1,Oxidation,dry,1166.129524,H2O,34.89,0.208,158,710.413
NOLSM132524,21-02-2019 ?? 9:04:30,5,24,1,Oxidation,dry,1164.7869,H2O,30.81,0.216,131,689.252
NOLSM133525,21-02-2019 ?? 9:04:30,5,25,2,Oxidation,wet,1022.473333,H2O,33.82,0.187,67,709.639
NOLSM134526,21-02-2019 ?? 9:04:30,5,26,2,Oxidation,dry,1095.522188,H2O,34.04,0.215,35,714.163
NOLSM135527,21-02-2019 ?? 9:04:30,5,27,2,Oxidation,dry,1080.3372,O2,32.41,0.208,41,695.852
NOLSM13661,22-02-2019 ?? 9:04:30,6,1,2,Oxidation,dry,1088.960919,O2,26.11,0.203,27,713.051
NOLSM13762,22-02-2019 ?? 9:04:30,6,2,2,Oxidation,wet,1054.787096,H2O,45.83,0.21,261,697.237
NOLSM13863,22-02-2019 ?? 9:04:30,6,3,2,Oxidation,dry,1102.238613,O2,28.76,0.206,19,702.597
NOLSM13964,22-02-2019 ?? 9:04:30,6,4,2,Oxidation,dry,934.5467437,H2O,36.93,0.199,112,715.587
NOLSM14065,22-02-2019 ?? 9:04:30,6,5,2,Oxidation,dry,1191.036987,O2,35.99,0.188,74,712.987
NOLSM14166,22-02-2019 ?? 9:04:30,6,6,2,Oxidation,wet,1104.162961,H2O,30.27,0.218,97,705.412
NOLSM14267,22-02-2019 ?? 9:04:30,6,7,3,Oxidation,dry,1092.749425,O2,32.55,0.205,148,699.564
NOLSM14368,22-02-2019 ?? 9:04:30,6,8,3,Oxidation,dry,1094.904165,H2O,34.45,0.19,148,707.661
NOLSM14469,22-02-2019 ?? 9:04:30,6,9,3,Oxidation,dry,1105.754021,O2,42.17,0.21,98,723.872
NOLSM145610,22-02-2019 ?? 9:04:30,6,10,3,Oxidation,wet,999.8458027,O2,24.49,0.203,97,716.982
NOLSM146611,22-02-2019 ?? 9:04:30,6,11,3,Oxidation,dry,1124.101951,H2O,26.21,0.217,46,701.435
NOLSM147612,22-02-2019 ?? 9:04:30,6,12,3,Oxidation,dry,934.3567075,O2,34.19,0.194,186,719.909
NOLSM148613,22-02-2019 ?? 9:04:30,6,13,3,Oxidation,dry,1034.529801,O2,37.64,0.221,153,704.422
NOLSM149614,22-02-2019 ?? 9:04:30,6,14,3,Oxidation,wet,1099.584874,H2O,26.89,0.2,82,689.862
NOLSM150615,22-02-2019 ?? 9:04:30,6,15,3,Oxidation,dry,1071.853664,H2O,43.08,0.213,121,704.781
NOLSM151616,22-02-2019 ?? 9:04:30,6,16,1,Oxidation,dry,1075.698265,O2,33.47,0.208,124,703.775
NOLSM152617,22-02-2019 ?? 9:04:30,6,17,1,Oxidation,wet,1039.367259,O2,36.92,0.197,59,715.505
NOLSM153618,22-02-2019 ?? 9:04:30,6,18,1,Oxidation,wet,1073.721975,H2O,32.06,0.207,164,695.708
NOLSM154619,22-02-2019 ?? 9:04:30,6,19,1,Oxidation,wet,1145.256355,H2O,29.95,0.204,115,708.881
NOLSM155620,22-02-2019 ?? 9:04:30,6,20,1,Oxidation,wet,1224.933966,O2,29.79,0.196,8,702.273
NOLSM156621,22-02-2019 ?? 9:04:30,6,21,1,Oxidation,dry,1236.932859,O2,28.05,0.203,167,708.257
NOLSM157622,22-02-2019 ?? 9:04:30,6,22,1,Oxidation,dry,1102.838464,O2,33.6,0.204,114,696.21
NOLSM158623,22-02-2019 ?? 9:04:30,6,23,1,Oxidation,wet,1151.560926,H2O,32.18,0.206,104,708.267
NOLSM159624,22-02-2019 ?? 9:04:30,6,24,2,Oxidation,dry,1047.141233,O2,35.01,0.214,122,709.319
NOLSM160625,22-02-2019 ?? 9:04:30,6,25,2,Oxidation,wet,1053.521736,H2O,38.58,0.201,130,720.601
NOLSM161626,22-02-2019 ?? 9:04:30,6,26,2,Oxidation,wet,1012.505975,H2O,31.09,0.209,158,711.69
NOLSM162627,22-02-2019 ?? 9:04:30,6,27,2,Oxidation,dry,1136.362631,H2O,33.94,0.213,68,707.981
NOLSM16371,23-02-2019 ?? 9:04:30,7,1,2,Oxidation,wet,936.0339433,H2O,33.37,0.195,66,702.454
NOLSM16472,23-02-2019 ?? 9:04:30,7,2,2,Oxidation,wet,1058.102013,H2O,32.52,0.21,95,702.73
NOLSM16573,23-02-2019 ?? 9:04:30,7,3,2,Oxidation,dry,1033.544293,H2O,35.17,0.207,121,710.805
NOLSM16674,23-02-2019 ?? 9:04:30,7,4,2,Oxidation,dry,1176.856373,H2O,41.25,0.203,65,702.66
NOLSM16775,23-02-2019 ?? 9:04:30,7,5,2,Oxidation,dry,1060.907105,O2,42.71,0.2,83,708.294
NOLSM16876,23-02-2019 ?? 9:04:30,7,6,3,Oxidation,dry,951.9734247,O2,36.26,0.206,106,705.357
NOLSM16977,23-02-2019 ?? 9:04:30,7,7,3,Oxidation,dry,1059.954763,O2,34.77,0.217,178,711.67
NOLSM17078,23-02-2019 ?? 9:04:30,7,8,3,Oxidation,wet,1148.860688,O2,28.1,0.211,166,715.269
NOLSM17179,23-02-2019 ?? 9:04:30,7,9,3,Oxidation,wet,973.1779988,H2O,39.92,0.206,156,699.922
NOLSM172710,23-02-2019 ?? 9:04:30,7,10,3,Oxidation,wet,959.967293,O2,32.28,0.216,44,714.436
NOLSM173711,23-02-2019 ?? 9:04:30,7,11,3,Oxidation,wet,1186.253634,H2O,32.5,0.21,148,711.998
NOLSM174712,23-02-2019 ?? 9:04:30,7,12,3,Oxidation,dry,1082.082355,H2O,22.76,0.209,109,693.95
NOLSM175713,23-02-2019 ?? 9:04:30,7,13,3,Oxidation,wet,1085.791792,O2,35.01,0.208,94,695.374
NOLSM176714,23-02-2019 ?? 9:04:30,7,14,1,Oxidation,wet,1011.354551,O2,33.77,0.209,145,737.402
NOLSM177715,23-02-2019 ?? 9:04:30,7,15,1,Oxidation,wet,1110.513899,H2O,34.06,0.213,147,689.206
NOLSM178716,23-02-2019 ?? 9:04:30,7,16,1,Oxidation,dry,1165.358359,H2O,41.5,0.212,173,708.822
NOLSM179717,23-02-2019 ?? 9:04:30,7,17,1,Oxidation,wet,1152.78383,O2,44.51,0.185,203,713.834
NOLSM180718,23-02-2019 ?? 9:04:30,7,18,1,Oxidation,dry,954.0907483,O2,30.27,0.214,144,720.384
NOLSM181719,23-02-2019 ?? 9:04:30,7,19,1,Oxidation,wet,1032.720008,O2,40.95,0.228,114,704.562
NOLSM182720,23-02-2019 ?? 9:04:30,7,20,1,Oxidation,dry,1178.657464,O2,30.51,0.199,24,721.147
NOLSM183721,23-02-2019 ?? 9:04:30,7,21,2,Oxidation,dry,1102.427433,H2O,31.07,0.208,187,704.535
NOLSM184722,23-02-2019 ?? 9:04:30,7,22,2,Oxidation,dry,993.5121451,H2O,36.9,0.202,80,715.659
NOLSM185723,23-02-2019 ?? 9:04:30,7,23,2,Oxidation,dry,1048.45687,O2,35.45,0.196,32,711.146
NOLSM186724,23-02-2019 ?? 9:04:30,7,24,2,Oxidation,dry,1013.523745,O2,38.34,0.217,148,715.371
NOLSM187725,23-02-2019 ?? 9:04:30,7,25,2,Oxidation,dry,1169.930681,H2O,28.53,0.202,173,718.435
NOLSM188726,23-02-2019 ?? 9:04:30,7,26,2,Oxidation,dry,1071.003337,H2O,43.12,0.195,116,711.971
NOLSM189727,23-02-2019 ?? 9:04:30,7,27,2,Oxidation,wet,1102.810127,O2,38.08,0.212,122,706.134
NOLSM19081,24-02-2019 ?? 9:04:30,8,1,2,Oxidation,dry,1174.01303,O2,37.49,0.212,84,721.304
NOLSM19182,24-02-2019 ?? 9:04:30,8,2,2,Oxidation,dry,1165.617773,O2,22.88,0.199,67,704.568
NOLSM19283,24-02-2019 ?? 9:04:30,8,3,3,Oxidation,wet,1014.795635,H2O,27.37,0.202,146,697.739
NOLSM19384,24-02-2019 ?? 9:04:30,8,4,3,Oxidation,dry,1169.694011,O2,33.16,0.207,28,706.325
NOLSM19485,24-02-2019 ?? 9:04:30,8,5,3,Oxidation,dry,1124.743767,O2,29,0.216,123,693.27
NOLSM19586,24-02-2019 ?? 9:04:30,8,6,3,Oxidation,wet,1019.00918,H2O,31.53,0.222,90,697.074
NOLSM19687,24-02-2019 ?? 9:04:30,8,7,3,Oxidation,wet,1173.672595,O2,34.34,0.208,64,697.413
NOLSM19788,24-02-2019 ?? 9:04:30,8,8,3,Oxidation,dry,1124.892526,H2O,34.65,0.199,100,716.271
NOLSM19889,24-02-2019 ?? 9:04:30,8,9,3,Oxidation,dry,1034.319934,O2,38.61,0.219,109,718.706
NOLSM199810,24-02-2019 ?? 9:04:30,8,10,3,Oxidation,dry,1087.304689,O2,30.16,0.209,163,710.971
NOLSM200811,24-02-2019 ?? 9:04:30,8,11,3,Oxidation,wet,1213.64044,O2,33.43,0.221,138,708.001
NOLSM201812,24-02-2019 ?? 9:04:30,8,12,1,Oxidation,dry,1066.207388,O2,27.5,0.217,78,683.976
NOLSM202813,24-02-2019 ?? 9:04:30,8,13,1,Oxidation,dry,1139.661565,O2,38.15,0.195,124,710.619
NOLSM203814,24-02-2019 ?? 9:04:30,8,14,1,Oxidation,dry,948.6861651,O2,29.73,0.205,44,705.763
NOLSM204815,24-02-2019 ?? 9:04:30,8,15,1,Oxidation,wet,1123.150866,H2O,35.57,0.212,79,708.062
NOLSM205816,24-02-2019 ?? 9:04:30,8,16,1,Oxidation,wet,1058.909437,O2,39.16,0.213,110,690.937
NOLSM206817,24-02-2019 ?? 9:04:30,8,17,1,Oxidation,dry,1115.699605,O2,25.62,0.2,82,716.675
NOLSM207818,24-02-2019 ?? 9:04:30,8,18,1,Oxidation,wet,1097.859817,H2O,34.48,0.219,111,709.689
NOLSM208819,24-02-2019 ?? 9:04:30,8,19,1,Oxidation,wet,991.6432961,H2O,31.65,0.226,126,720.765
NOLSM209820,24-02-2019 ?? 9:04:30,8,20,2,Oxidation,wet,1231.368437,O2,31.72,0.211,59,709.535
NOLSM210821,24-02-2019 ?? 9:04:30,8,21,2,Oxidation,dry,1115.170517,H2O,31,0.211,80,705.928
NOLSM211822,24-02-2019 ?? 9:04:30,8,22,2,Oxidation,dry,955.8951259,O2,36.92,0.209,120,719.825
NOLSM212823,24-02-2019 ?? 9:04:30,8,23,2,Oxidation,wet,1169.835912,O2,32.07,0.202,72,700.173
NOLSM213824,24-02-2019 ?? 9:04:30,8,24,2,Oxidation,dry,1247.597502,H2O,37.04,0.198,121,700.67
NOLSM214825,24-02-2019 ?? 9:04:30,8,25,2,Oxidation,dry,1034.320659,O2,29.49,0.198,116,708.627
NOLSM215826,24-02-2019 ?? 9:04:30,8,26,2,Oxidation,wet,1088.331719,H2O,35.07,0.223,123,703.902
NOLSM216827,24-02-2019 ?? 9:04:30,8,27,2,Oxidation,dry,1071.159907,O2,34.51,0.192,57,709.961
NOLSM21791,25-02-2019 ?? 9:04:30,9,1,3,Oxidation,dry,1016.1822,H2O,32.54,0.2,74,712.606
NOLSM21892,25-02-2019 ?? 9:04:30,9,2,3,Oxidation,wet,1066.365213,H2O,38.17,0.194,65,702.893
NOLSM21993,25-02-2019 ?? 9:04:30,9,3,3,Oxidation,wet,1066.642239,O2,33.38,0.197,142,704.857
NOLSM22094,25-02-2019 ?? 9:04:30,9,4,3,Oxidation,wet,941.3073988,O2,37.78,0.2,80,714.216
NOLSM22195,25-02-2019 ?? 9:04:30,9,5,3,Oxidation,dry,1190.831353,O2,35.47,0.207,99.6,700.396
NOLSM22296,25-02-2019 ?? 9:04:30,9,6,3,Oxidation,dry,1339.476675,O2,31.91,0.199,26,714.998
NOLSM22397,25-02-2019 ?? 9:04:30,9,7,3,Oxidation,wet,1132.57503,O2,46.63,0.192,104,710.712
NOLSM22498,25-02-2019 ?? 9:04:30,9,8,3,Oxidation,dry,1190.729914,H2O,31.48,0.207,50,712.618
NOLSM22599,25-02-2019 ?? 9:04:30,9,9,1,Oxidation,dry,1112.416978,H2O,37.9,0.209,202,709.347
NOLSM226910,25-02-2019 ?? 9:04:30,9,10,1,Oxidation,wet,990.3594092,H2O,25.35,0.199,84,692.759
NOLSM227911,25-02-2019 ?? 9:04:30,9,11,1,Oxidation,dry,988.6988473,O2,30.2,0.218,121,700.321
NOLSM228912,25-02-2019 ?? 9:04:30,9,12,1,Oxidation,dry,975.0524691,H2O,41.08,0.215,75,708.579
NOLSM229913,25-02-2019 ?? 9:04:30,9,13,1,Oxidation,dry,1071.150486,H2O,32.02,0.218,138,702.109
NOLSM230914,25-02-2019 ?? 9:04:30,9,14,1,Oxidation,wet,1114.322932,O2,29.76,0.209,136,717.471
NOLSM231915,25-02-2019 ?? 9:04:30,9,15,1,Oxidation,dry,1161.965758,H2O,32.85,0.209,235,709.599
NOLSM232916,25-02-2019 ?? 9:04:30,9,16,1,Oxidation,dry,1121.638557,H2O,32.68,0.214,93,692.436
NOLSM233917,25-02-2019 ?? 9:04:30,9,17,1,Oxidation,wet,1134.284688,O2,29.79,0.192,101,710.777
NOLSM234918,25-02-2019 ?? 9:04:30,9,18,2,Oxidation,wet,978.5990947,O2,27.5,0.204,116,722.031
NOLSM235919,25-02-2019 ?? 9:04:30,9,19,2,Oxidation,wet,901.2769443,H2O,35.23,0.222,42,708.489
NOLSM236920,25-02-2019 ?? 9:04:30,9,20,2,Oxidation,wet,1030.259775,O2,37.48,0.198,71,716.994
NOLSM237921,25-02-2019 ?? 9:04:30,9,21,2,Oxidation,dry,988.9267668,O2,39.3,0.208,122,714.2
NOLSM238922,25-02-2019 ?? 9:04:30,9,22,2,Oxidation,wet,1062.294072,O2,32.84,0.197,49,707.577
NOLSM239923,25-02-2019 ?? 9:04:30,9,23,2,Oxidation,dry,1091.757943,H2O,38.41,0.188,116,708.825
NOLSM240924,25-02-2019 ?? 9:04:30,9,24,2,Oxidation,wet,1191.930656,O2,38.29,0.214,140,705.931
NOLSM241925,25-02-2019 ?? 9:04:30,9,25,2,Oxidation,dry,1121.284393,H2O,38.52,0.195,60,710.932
NOLSM242926,25-02-2019 ?? 9:04:30,9,26,3,Oxidation,dry,1123.213009,O2,40,0.207,63,713.965
NOLSM243927,25-02-2019 ?? 9:04:30,9,27,3,Oxidation,dry,960.6783565,O2,27.43,0.206,81,712.318
NOLSM244101,26-02-2019 ?? 9:04:30,10,1,3,Oxidation,dry,1154.781488,H2O,39.57,0.213,98,706.099
NOLSM245102,26-02-2019 ?? 9:04:30,10,2,3,Oxidation,dry,1263.451872,O2,26.06,0.2,148,704.373
NOLSM246103,26-02-2019 ?? 9:04:30,10,3,3,Oxidation,dry,1048.939098,O2,34.48,0.205,110,705.94
NOLSM247104,26-02-2019 ?? 9:04:30,10,4,3,Oxidation,dry,1176.526906,H2O,35.99,0.209,76,712.926
NOLSM248105,26-02-2019 ?? 9:04:30,10,5,3,Oxidation,dry,1087.93932,H2O,36.98,0.198,173,727.318
NOLSM249106,26-02-2019 ?? 9:04:30,10,6,3,Oxidation,dry,1140.375541,O2,34.12,0.214,138,721.3
NOLSM250107,26-02-2019 ?? 9:04:30,10,7,1,Oxidation,dry,1154.972545,O2,35.1,0.206,63,709.964
NOLSM251108,26-02-2019 ?? 9:04:30,10,8,1,Oxidation,wet,978.9108347,O2,41.78,0.209,137,712.447
NOLSM252109,26-02-2019 ?? 9:04:30,10,9,1,Oxidation,wet,1129.585673,H2O,31.43,0.192,167,705.345
NOLSM2531010,26-02-2019 ?? 9:04:30,10,10,1,Oxidation,wet,962.8870033,O2,36.59,0.218,60,713.056
NOLSM2541011,26-02-2019 ?? 9:04:30,10,11,1,Oxidation,dry,1118.454043,O2,28.88,0.217,107,711.723
NOLSM2551012,26-02-2019 ?? 9:04:30,10,12,1,Oxidation,dry,972.8555751,O2,37.37,0.215,141,701.19
NOLSM2561013,26-02-2019 ?? 9:04:30,10,13,1,Oxidation,dry,1115.156608,O2,33.88,0.2,126,709.78
NOLSM2571014,26-02-2019 ?? 9:04:30,10,14,2,Oxidation,dry,961.0098258,H2O,29.55,0.2,168,709.653
NOLSM2581015,26-02-2019 ?? 9:04:30,10,15,2,Oxidation,dry,1219.837184,O2,30.97,0.2,69,697.759
NOLSM2591016,26-02-2019 ?? 9:04:30,10,16,2,Oxidation,dry,1126.327273,O2,36.92,0.215,101,702.698
NOLSM2601017,26-02-2019 ?? 9:04:30,10,17,2,Oxidation,wet,1104.735804,O2,32.91,0.216,197,703.723
NOLSM2611018,26-02-2019 ?? 9:04:30,10,18,2,Oxidation,wet,1057.821473,O2,26.11,0.202,86,711.826
NOLSM2621019,26-02-2019 ?? 9:04:30,10,19,2,Oxidation,wet,1091.374273,O2,33.23,0.202,177,703.411
NOLSM2631020,26-02-2019 ?? 9:04:30,10,20,2,Oxidation,dry,1138.825357,O2,34.33,0.215,160,701.568
NOLSM2641021,26-02-2019 ?? 9:04:30,10,21,2,Oxidation,wet,1009.139886,H2O,38.11,0.19,64,708.351
NOLSM2651022,26-02-2019 ?? 9:04:30,10,22,2,Oxidation,dry,1011.181975,O2,31.32,0.211,168,702.572
NOLSM2661023,26-02-2019 ?? 9:04:30,10,23,3,Oxidation,wet,1040.985818,O2,42.72,0.202,89,717.852
NOLSM2671024,26-02-2019 ?? 9:04:30,10,24,3,Oxidation,dry,1005.568373,O2,26.55,0.193,70,696.386
NOLSM2681025,26-02-2019 ?? 9:04:30,10,25,3,Oxidation,dry,1188.182381,O2,34.9,0.219,147,686.747
NOLSM2691026,26-02-2019 ?? 9:04:30,10,26,3,Oxidation,dry,1267.415669,H2O,31.08,0.201,52,709.049
NOLSM2701027,26-02-2019 ?? 9:04:30,10,27,3,Oxidation,dry,918.2428327,O2,32.28,0.202,116,713.856
NOLSM271111,27-02-2019 ?? 9:04:30,11,1,3,Oxidation,wet,1165.554842,O2,40.23,0.194,195,709.964
NOLSM272112,27-02-2019 ?? 9:04:30,11,2,3,Oxidation,wet,1033.53575,O2,32.28,0.214,86,706.205
NOLSM273113,27-02-2019 ?? 9:04:30,11,3,3,Oxidation,wet,1063.294674,O2,43.12,0.201,101,707.168
NOLSM274114,27-02-2019 ?? 9:04:30,11,4,3,Oxidation,dry,960.0245261,H2O,27.12,0.207,20,705.354
NOLSM275115,27-02-2019 ?? 9:04:30,11,5,1,Oxidation,dry,984.7627074,H2O,33.44,0.207,88,715.179
NOLSM276116,27-02-2019 ?? 9:04:30,11,6,1,Oxidation,dry,998.6908834,H2O,34.88,0.214,102,691.282
NOLSM277117,27-02-2019 ?? 9:04:30,11,7,1,Oxidation,dry,1090.003296,H2O,30.24,0.215,69,709.956
NOLSM278118,27-02-2019 ?? 9:04:30,11,8,1,Oxidation,dry,1205.954833,H2O,39.31,0.211,122,715.078
NOLSM279119,27-02-2019 ?? 9:04:30,11,9,1,Oxidation,wet,1044.371945,H2O,32.1,0.201,109,697.155
NOLSM2801110,27-02-2019 ?? 9:04:30,11,10,1,Oxidation,dry,1082.919108,O2,30.32,0.216,95,695.656
NOLSM2811111,27-02-2019 ?? 9:04:30,11,11,1,Oxidation,wet,1069.973776,H2O,38.93,0.198,75,714.254
NOLSM2821112,27-02-2019 ?? 9:04:30,11,12,1,Oxidation,dry,1145.85886,O2,31.02,0.196,132,712.039
NOLSM2831113,27-02-2019 ?? 9:04:30,11,13,1,Oxidation,dry,1067.0104,H2O,39.84,0.217,52,708.13
NOLSM2841114,27-02-2019 ?? 9:04:30,11,14,2,Oxidation,wet,907.0274333,O2,36.69,0.188,75,707.061
NOLSM2851115,27-02-2019 ?? 9:04:30,11,15,2,Oxidation,dry,1156.485483,O2,31.72,0.215,112,721.079
NOLSM2861116,27-02-2019 ?? 9:04:30,11,16,2,Oxidation,dry,1027.850447,O2,36.13,0.205,130,717.292
NOLSM2871117,27-02-2019 ?? 9:04:30,11,17,2,Oxidation,wet,1091.298627,O2,44.82,0.199,141,713.698
NOLSM2881118,27-02-2019 ?? 9:04:30,11,18,2,Oxidation,dry,1287.435437,O2,29.05,0.203,117,714.203
NOLSM2891119,27-02-2019 ?? 9:04:30,11,19,2,Oxidation,wet,1045.593616,O2,34.88,0.213,167,701.713
NOLSM2901120,27-02-2019 ?? 9:04:30,11,20,2,Oxidation,dry,1011.298567,H2O,34.98,0.195,99,703.756
NOLSM2911121,27-02-2019 ?? 9:04:30,11,21,2,Oxidation,wet,1099.887253,H2O,29.06,0.207,110,709.465
NOLSM2921122,27-02-2019 ?? 9:04:30,11,22,2,Oxidation,dry,1165.833091,O2,33.34,0.213,110,702.859
NOLSM2931123,27-02-2019 ?? 9:04:30,11,23,3,Oxidation,dry,910.9052284,H2O,30.61,0.201,74,698.054
NOLSM2941124,27-02-2019 ?? 9:04:30,11,24,3,Oxidation,dry,1076.605127,O2,35.41,0.216,132,710.095
NOLSM2951125,27-02-2019 ?? 9:04:30,11,25,3,Oxidation,dry,1016.50952,H2O,34.39,0.217,212,704.659
NOLSM2961126,27-02-2019 ?? 9:04:30,11,26,3,Oxidation,dry,1148.149896,O2,32.8,0.191,14,725.322
NOLSM2971127,27-02-2019 ?? 9:04:30,11,27,3,Oxidation,dry,1260.233728,O2,34.88,0.203,98,698.396
NOLSM298121,28-02-2019 ?? 9:04:30,12,1,3,Oxidation,dry,1021.245292,O2,28.44,0.209,71,693.753
NOLSM299122,28-02-2019 ?? 9:04:30,12,2,3,Oxidation,dry,1101.790625,H2O,29.78,0.2,60,699.262
NOLSM300123,28-02-2019 ?? 9:04:30,12,3,1,Oxidation,dry,1003.138319,O2,32.05,0.202,48,701.178
NOLSM301124,28-02-2019 ?? 9:04:30,12,4,1,Oxidation,dry,1164.544315,O2,35.12,0.21,41,701.305
NOLSM302125,28-02-2019 ?? 9:04:30,12,5,1,Oxidation,wet,1103.547945,O2,33.82,0.21,101,716.988
NOLSM303126,28-02-2019 ?? 9:04:30,12,6,1,Oxidation,wet,1070.554558,O2,36.96,0.208,100,699.815
NOLSM304127,28-02-2019 ?? 9:04:30,12,7,1,Oxidation,wet,1089.535804,O2,39.91,0.21,26,712.408
NOLSM305128,28-02-2019 ?? 9:04:30,12,8,1,Oxidation,dry,1190.184066,O2,42.81,0.22,112,714.738
NOLSM306129,28-02-2019 ?? 9:04:30,12,9,1,Oxidation,wet,1063.890692,H2O,38.24,0.212,60,707.086
NOLSM3071210,28-02-2019 ?? 9:04:30,12,10,1,Oxidation,dry,1100.16153,H2O,34.9,0.21,73,727.656
NOLSM3081211,28-02-2019 ?? 9:04:30,12,11,1,Oxidation,dry,1160.350439,O2,34.56,0.199,18,710.197
NOLSM3091212,28-02-2019 ?? 9:04:30,12,12,2,Oxidation,dry,1087.387676,H2O,28.3,0.208,145,716.353
NOLSM3101213,28-02-2019 ?? 9:04:30,12,13,2,Oxidation,dry,1054.979632,O2,30,0.198,205,714.699
NOLSM3111214,28-02-2019 ?? 9:04:30,12,14,2,Oxidation,wet,1096.8674,O2,38.53,0.211,180,720.596
NOLSM3121215,28-02-2019 ?? 9:04:30,12,15,2,Oxidation,wet,1001.018962,O2,45.09,0.208,134,711.457
NOLSM3131216,28-02-2019 ?? 9:04:30,12,16,2,Oxidation,wet,1043.412176,O2,25.68,0.202,103,719.21
NOLSM3141217,28-02-2019 ?? 9:04:30,12,17,2,Oxidation,dry,1229.097573,O2,41.41,0.212,136,702.521
NOLSM3151218,28-02-2019 ?? 9:04:30,12,18,2,Oxidation,dry,1033.025944,H2O,32.76,0.216,89,699.237
NOLSM3161219,28-02-2019 ?? 9:04:30,12,19,2,Oxidation,wet,1092.979618,H2O,21.74,0.214,97,704.92
NOLSM3171220,28-02-2019 ?? 9:04:30,12,20,3,Oxidation,dry,1114.740491,O2,34.27,0.21,65,706.38
NOLSM3181221,28-02-2019 ?? 9:04:30,12,21,3,Oxidation,dry,1237.47246,O2,36.21,0.21,231,711.046
NOLSM3191222,28-02-2019 ?? 9:04:30,12,22,3,Oxidation,wet,1136.771925,O2,31.05,0.202,138,709.991
NOLSM3201223,28-02-2019 ?? 9:04:30,12,23,3,Oxidation,wet,1187.633139,O2,36.81,0.214,104,701.424
NOLSM3211224,28-02-2019 ?? 9:04:30,12,24,3,Oxidation,dry,1013.996055,O2,27.21,0.2,90,714.421
NOLSM3221225,28-02-2019 ?? 9:04:30,12,25,3,Oxidation,dry,1126.639935,O2,32.58,0.212,121,708.655
NOLSM3231226,28-02-2019 ?? 9:04:30,12,26,3,Oxidation,dry,1054.843094,O2,40.94,0.218,89,706.587
NOLSM3241227,28-02-2019 ?? 9:04:30,12,27,3,Oxidation,wet,1094.729759,O2,40.24,0.213,45,712.132
NOLSM325131,01-03-2019 ?? 9:04:30,13,1,3,Oxidation,dry,1198.323089,O2,26.69,0.203,120,705.284
NOLSM326132,01-03-2019 ?? 9:04:30,13,2,1,Oxidation,dry,959.1715156,O2,30.86,0.217,137,690.8
NOLSM327133,01-03-2019 ?? 9:04:30,13,3,1,Oxidation,wet,1175.582493,O2,31.07,0.218,116,702.641
NOLSM328134,01-03-2019 ?? 9:04:30,13,4,1,Oxidation,wet,927.5054921,O2,31.04,0.196,143,704.124
NOLSM329135,01-03-2019 ?? 9:04:30,13,5,1,Oxidation,wet,1120.908253,H2O,31.37,0.215,76,707.911
NOLSM330136,01-03-2019 ?? 9:04:30,13,6,1,Oxidation,dry,1310.70949,O2,41.03,0.213,114,712.218
NOLSM331137,01-03-2019 ?? 9:04:30,13,7,1,Oxidation,dry,933.3671298,O2,30.24,0.211,116,714.56
NOLSM332138,01-03-2019 ?? 9:04:30,13,8,1,Oxidation,wet,1033.436679,O2,30.45,0.199,218,700.741
NOLSM333139,01-03-2019 ?? 9:04:30,13,9,1,Oxidation,dry,1137.05619,H2O,32.35,0.217,119,715.399
NOLSM3341310,01-03-2019 ?? 9:04:30,13,10,1,Oxidation,dry,978.1492813,H2O,35.26,0.202,37.6,687.497
NOLSM3351311,01-03-2019 ?? 9:04:30,13,11,2,Oxidation,dry,1077.329932,H2O,35.17,0.195,144,722.57
NOLSM3361312,01-03-2019 ?? 9:04:30,13,12,2,Oxidation,wet,1013.429731,H2O,38.24,0.199,58,721.595
NOLSM3371313,01-03-2019 ?? 9:04:30,13,13,2,Oxidation,wet,1014.428039,H2O,32.81,0.201,144,708.792
NOLSM3381314,01-03-2019 ?? 9:04:30,13,14,2,Oxidation,dry,1124.607013,O2,38.2,0.219,119,702.557
NOLSM3391315,01-03-2019 ?? 9:04:30,13,15,2,Oxidation,dry,1144.681131,O2,26.67,0.198,118,702.259
NOLSM3401316,01-03-2019 ?? 9:04:30,13,16,2,Oxidation,wet,1127.583511,O2,36.07,0.191,98,715.371
NOLSM3411317,01-03-2019 ?? 9:04:30,13,17,2,Oxidation,dry,919.1686609,O2,35.73,0.211,94,708.346
NOLSM3421318,01-03-2019 ?? 9:04:30,13,18,2,Oxidation,wet,1238.206078,H2O,25.39,0.2,174,720.639
NOLSM3431319,01-03-2019 ?? 9:04:30,13,19,2,Oxidation,dry,913.9708094,O2,36.43,0.209,70,711.451
NOLSM3441320,01-03-2019 ?? 9:04:30,13,20,3,Oxidation,wet,1091.414497,O2,37.56,0.208,87,705.974
NOLSM3451321,01-03-2019 ?? 9:04:30,13,21,3,Oxidation,dry,1149.044929,O2,35.42,0.205,113,702.475
NOLSM3461322,01-03-2019 ?? 9:04:30,13,22,3,Oxidation,wet,1133.633441,H2O,26.68,0.204,106,701.78
NOLSM3471323,01-03-2019 ?? 9:04:30,13,23,3,Oxidation,wet,1119.207556,O2,27.56,0.217,50,711.92
NOLSM3481324,01-03-2019 ?? 9:04:30,13,24,3,Oxidation,wet,1263.692964,H2O,31.61,0.201,112,696.968
NOLSM3491325,01-03-2019 ?? 9:04:30,13,25,3,Oxidation,dry,964.1227727,H2O,38.72,0.194,78,706.048
NOLSM3501326,01-03-2019 ?? 9:04:30,13,26,3,Oxidation,wet,1059.003352,O2,32.91,0.197,80,707.196
NOLSM3511327,01-03-2019 ?? 9:04:30,13,27,3,Oxidation,dry,1045.950206,O2,44.94,0.218,89,715.913
NOLSM352141,02-03-2019 ?? 9:04:30,14,1,1,Oxidation,dry,1002.158831,H2O,44.83,0.204,136,709.929
NOLSM353142,02-03-2019 ?? 9:04:30,14,2,1,Oxidation,wet,1087.566152,O2,32.51,0.206,187,711.48
NOLSM354143,02-03-2019 ?? 9:04:30,14,3,1,Oxidation,dry,1005.152775,H2O,32.99,0.205,86,704.277
NOLSM355144,02-03-2019 ?? 9:04:30,14,4,1,Oxidation,dry,1125.847158,O2,24.63,0.219,73,703.992
NOLSM356145,02-03-2019 ?? 9:04:30,14,5,1,Oxidation,dry,1107.490734,O2,32.07,0.201,73,722.297
NOLSM357146,02-03-2019 ?? 9:04:30,14,6,1,Oxidation,dry,1205.923968,H2O,36.97,0.193,160,706.977
NOLSM358147,02-03-2019 ?? 9:04:30,14,7,1,Oxidation,wet,1038.629938,O2,35.62,0.214,136,687.846
NOLSM359148,02-03-2019 ?? 9:04:30,14,8,1,Oxidation,dry,1091.609203,H2O,35.15,0.211,103.8,703.879
NOLSM360149,02-03-2019 ?? 9:04:30,14,9,2,Oxidation,dry,1006.213827,O2,41.81,0.195,146,708.76
NOLSM3611410,02-03-2019 ?? 9:04:30,14,10,2,Oxidation,dry,1162.223804,H2O,32.99,0.221,90,699.764
NOLSM3621411,02-03-2019 ?? 9:04:30,14,11,2,Oxidation,dry,1054.550286,H2O,29.68,0.186,95,703.084
NOLSM3631412,02-03-2019 ?? 9:04:30,14,12,2,Oxidation,dry,1104.847576,O2,30.09,0.195,115,697.441
NOLSM3641413,02-03-2019 ?? 9:04:30,14,13,2,Oxidation,wet,1105.258786,H2O,45.75,0.211,56,709.507
NOLSM3651414,02-03-2019 ?? 9:04:30,14,14,2,Oxidation,wet,1176.540075,H2O,21.07,0.213,107,709.609
NOLSM3661415,02-03-2019 ?? 9:04:30,14,15,2,Oxidation,dry,1028.788203,H2O,32.17,0.211,44,714.056
NOLSM3671416,02-03-2019 ?? 9:04:30,14,16,2,Oxidation,dry,1123.465862,O2,29.66,0.211,99,721.666
NOLSM3681417,02-03-2019 ?? 9:04:30,14,17,2,Oxidation,dry,1064.703459,H2O,41.58,0.213,214,701.383
NOLSM3691418,02-03-2019 ?? 9:04:30,14,18,3,Oxidation,wet,1103.982904,H2O,40.55,0.214,152,720.58
NOLSM3701419,02-03-2019 ?? 9:04:30,14,19,3,Oxidation,dry,1053.915797,O2,32.73,0.203,104,710.123
NOLSM3711420,02-03-2019 ?? 9:04:30,14,20,3,Oxidation,dry,1028.348608,O2,36.93,0.227,75,707.342
NOLSM3721421,02-03-2019 ?? 9:04:30,14,21,3,Oxidation,dry,1046.235499,O2,36.8,0.224,118,699.524
NOLSM3731422,02-03-2019 ?? 9:04:30,14,22,3,Oxidation,wet,1219.387124,H2O,35.97,0.203,127,689.684
NOLSM3741423,02-03-2019 ?? 9:04:30,14,23,3,Oxidation,wet,1139.572945,H2O,38.57,0.214,100,699.636
NOLSM3751424,02-03-2019 ?? 9:04:30,14,24,3,Oxidation,dry,1268.921933,O2,23.7,0.216,156,715.142
NOLSM3761425,02-03-2019 ?? 9:04:30,14,25,1,Oxidation,wet,1050.490445,H2O,33.22,0.193,117,726.612
NOLSM3771426,02-03-2019 ?? 9:04:30,14,26,1,Oxidation,wet,1080.087128,H2O,31.04,0.194,128,710.886
NOLSM3781427,02-03-2019 ?? 9:04:30,14,27,1,Oxidation,dry,998.8926561,H2O,33.45,0.211,168,714.473
NOLSM379151,03-03-2019 ?? 9:04:30,15,1,1,Oxidation,wet,1083.983412,O2,39.27,0.217,135,687.582
NOLSM380152,03-03-2019 ?? 9:04:30,15,2,1,Oxidation,wet,1086.566187,O2,35.16,0.216,93,715.034
NOLSM381153,03-03-2019 ?? 9:04:30,15,3,1,Oxidation,dry,1134.145559,H2O,31.99,0.22,103,695.458
NOLSM382154,03-03-2019 ?? 9:04:30,15,4,1,Oxidation,dry,965.9786545,H2O,45.08,0.205,87,705.094
NOLSM383155,03-03-2019 ?? 9:04:30,15,5,1,Oxidation,dry,973.956033,H2O,43.66,0.22,103,706.963
NOLSM384156,03-03-2019 ?? 9:04:30,15,6,2,Oxidation,dry,1130.769716,O2,26.92,0.196,121,726.396
NOLSM385157,03-03-2019 ?? 9:04:30,15,7,2,Oxidation,dry,1158.431956,H2O,31.95,0.202,115,712.17
NOLSM386158,03-03-2019 ?? 9:04:30,15,8,2,Oxidation,dry,979.650965,O2,38.88,0.212,129,715.453
NOLSM387159,03-03-2019 ?? 9:04:30,15,9,2,Oxidation,wet,1080.659425,O2,34.22,0.202,118,710.526
NOLSM3881510,03-03-2019 ?? 9:04:30,15,10,2,Oxidation,dry,1151.870204,O2,41.86,0.204,149,703.333
NOLSM3891511,03-03-2019 ?? 9:04:30,15,11,2,Oxidation,dry,957.766933,O2,37.63,0.201,71,704.586
NOLSM3901512,03-03-2019 ?? 9:04:30,15,12,2,Oxidation,dry,994.5914794,O2,31.62,0.207,86,711.111
NOLSM3911513,03-03-2019 ?? 9:04:30,15,13,2,Oxidation,wet,1109.556941,H2O,39.16,0.211,157,707.715
NOLSM3921514,03-03-2019 ?? 9:04:30,15,14,3,Oxidation,dry,946.9847745,H2O,30.39,0.199,74,717.885
NOLSM3931515,03-03-2019 ?? 9:04:30,15,15,3,Oxidation,wet,1035.837417,H2O,32.41,0.218,112,719.155
NOLSM3941516,03-03-2019 ?? 9:04:30,15,16,3,Oxidation,wet,1123.535235,O2,32.09,0.194,103,708.835
NOLSM3951517,03-03-2019 ?? 9:04:30,15,17,3,Oxidation,dry,1008.695922,H2O,28.58,0.212,198,702.21
NOLSM3961518,03-03-2019 ?? 9:04:30,15,18,3,Oxidation,wet,1245.405248,H2O,29.14,0.212,22,716.603
NOLSM3971519,03-03-2019 ?? 9:04:30,15,19,3,Oxidation,wet,1086.851132,H2O,35.67,0.206,87,703.77
NOLSM3981520,03-03-2019 ?? 9:04:30,15,20,3,Oxidation,wet,1088.463298,H2O,33.59,0.208,66,717.257
NOLSM3991521,03-03-2019 ?? 9:04:30,15,21,3,Oxidation,wet,1107.041866,O2,32.59,0.212,118,719.257
NOLSM4001522,03-03-2019 ?? 9:04:30,15,22,1,Oxidation,dry,1253.421216,O2,35.13,0.207,177,688.973
NOLSM4011523,03-03-2019 ?? 9:04:30,15,23,1,Oxidation,dry,1193.178092,O2,34.26,0.203,70,709.629
NOLSM4021524,03-03-2019 ?? 9:04:30,15,24,1,Oxidation,dry,1045.668115,O2,29.21,0.215,145,708.401
NOLSM4031525,03-03-2019 ?? 9:04:30,15,25,1,Oxidation,wet,1178.507201,H2O,49.17,0.207,74,715.033
NOLSM4041526,03-03-2019 ?? 9:04:30,15,26,1,Oxidation,dry,923.5846197,H2O,37.17,0.192,75,707.538
NOLSM4051527,03-03-2019 ?? 9:04:30,15,27,1,Oxidation,dry,1171.352233,O2,29.45,0.211,108,700.719
NOLSM406161,04-03-2019 ?? 9:04:30,16,1,1,Oxidation,dry,988.7523767,O2,31.82,0.206,144,699.27
NOLSM407162,04-03-2019 ?? 9:04:30,16,2,1,Oxidation,wet,1219.777119,H2O,31.5,0.213,125,715.864
NOLSM408163,04-03-2019 ?? 9:04:30,16,3,2,Oxidation,wet,871.2174717,O2,40.05,0.21,45,731.855
NOLSM409164,04-03-2019 ?? 9:04:30,16,4,2,Oxidation,wet,964.7651908,O2,30.73,0.202,101,708.933
NOLSM410165,04-03-2019 ?? 9:04:30,16,5,2,Oxidation,dry,1044.923717,H2O,29.77,0.202,165,727.813
NOLSM411166,04-03-2019 ?? 9:04:30,16,6,2,Oxidation,wet,1070.231635,O2,33.67,0.207,191,715.571
NOLSM412167,04-03-2019 ?? 9:04:30,16,7,2,Oxidation,wet,979.53606,O2,31.86,0.214,145,711.227
NOLSM413168,04-03-2019 ?? 9:04:30,16,8,2,Oxidation,wet,1077.074711,H2O,37.22,0.2,181,700.922
NOLSM414169,04-03-2019 ?? 9:04:30,16,9,2,Oxidation,dry,1002.164896,O2,26.54,0.205,201,704.243
NOLSM4151610,04-03-2019 ?? 9:04:30,16,10,2,Oxidation,wet,1053.279322,H2O,33.08,0.22,79,698.757
NOLSM4161611,04-03-2019 ?? 9:04:30,16,11,2,Oxidation,dry,883.8605461,H2O,38.04,0.2,59,689.56
NOLSM4171612,04-03-2019 ?? 9:04:30,16,12,3,Oxidation,dry,1011.956891,O2,23.54,0.207,89,689.098
NOLSM4181613,04-03-2019 ?? 9:04:30,16,13,3,Oxidation,dry,1196.780549,H2O,36.26,0.214,162,708.735
NOLSM4191614,04-03-2019 ?? 9:04:30,16,14,3,Oxidation,dry,1191.265408,O2,40.93,0.219,31,704.397
NOLSM4201615,04-03-2019 ?? 9:04:30,16,15,3,Oxidation,dry,1042.761316,H2O,33.96,0.213,119,709.226
NOLSM4211616,04-03-2019 ?? 9:04:30,16,16,3,Oxidation,dry,1096.383491,H2O,34.52,0.201,96,705.135
NOLSM4221617,04-03-2019 ?? 9:04:30,16,17,3,Oxidation,wet,1178.744819,H2O,33.22,0.204,154,715.384
NOLSM4231618,04-03-2019 ?? 9:04:30,16,18,3,Oxidation,dry,984.5019409,H2O,42.84,0.207,105,713.258
NOLSM4241619,04-03-2019 ?? 9:04:30,16,19,3,Oxidation,dry,1091.00686,O2,38.09,0.202,92,704.106
NOLSM4251620,04-03-2019 ?? 9:04:30,16,20,1,Oxidation,dry,1049.206345,O2,37.47,0.206,101,710.163
NOLSM4261621,04-03-2019 ?? 9:04:30,16,21,1,Oxidation,wet,972.0137176,O2,28.8,0.209,157,706.425
NOLSM4271622,04-03-2019 ?? 9:04:30,16,22,1,Oxidation,dry,984.6375924,H2O,36.83,0.218,150,712.521
NOLSM4281623,04-03-2019 ?? 9:04:30,16,23,1,Oxidation,wet,1085.285011,O2,39.89,0.197,152,704.964
NOLSM4291624,04-03-2019 ?? 9:04:30,16,24,1,Oxidation,dry,1126.050929,O2,39.79,0.21,76,704.293
NOLSM4301625,04-03-2019 ?? 9:04:30,16,25,1,Oxidation,wet,1043.306427,O2,38.44,0.213,72,703.974
NOLSM4311626,04-03-2019 ?? 9:04:30,16,26,1,Oxidation,wet,1223.701023,O2,41.16,0.187,76,717.389
NOLSM4321627,04-03-2019 ?? 9:04:30,16,27,1,Oxidation,wet,1049.739648,O2,37.65,0.208,15,694.251
NOLSM433171,05-03-2019 ?? 9:04:30,17,1,2,Oxidation,dry,1042.225656,H2O,40.92,0.205,36,696.568
NOLSM434172,05-03-2019 ?? 9:04:30,17,2,2,Oxidation,dry,1206.156307,O2,30.34,0.203,50,712.968
NOLSM435173,05-03-2019 ?? 9:04:30,17,3,2,Oxidation,wet,1070.912518,O2,34.53,0.202,152,705.657
NOLSM436174,05-03-2019 ?? 9:04:30,17,4,2,Oxidation,wet,1037.663946,H2O,30.03,0.194,128,720.82
NOLSM437175,05-03-2019 ?? 9:04:30,17,5,2,Oxidation,wet,1059.925652,O2,35.89,0.196,184,702.213
NOLSM438176,05-03-2019 ?? 9:04:30,17,6,2,Oxidation,dry,1079.17731,O2,38.25,0.194,87,726.498
NOLSM439177,05-03-2019 ?? 9:04:30,17,7,2,Oxidation,dry,956.3148219,O2,34.68,0.205,135,698.961
NOLSM440178,05-03-2019 ?? 9:04:30,17,8,2,Oxidation,wet,993.7065582,H2O,33.83,0.224,69,712.825
NOLSM441179,05-03-2019 ?? 9:04:30,17,9,3,Oxidation,dry,1183.538362,O2,33.38,0.219,140,710.234
NOLSM4421710,05-03-2019 ?? 9:04:30,17,10,3,Oxidation,wet,1027.895912,H2O,30.74,0.208,156,702.48
NOLSM4431711,05-03-2019 ?? 9:04:30,17,11,3,Oxidation,dry,1210.241046,O2,33.7,0.221,179,699.443
NOLSM4441712,05-03-2019 ?? 9:04:30,17,12,3,Oxidation,wet,1108.356271,O2,40.49,0.196,94,732.934
NOLSM4451713,05-03-2019 ?? 9:04:30,17,13,3,Oxidation,wet,1190.956727,O2,36.9,0.204,117,698.408
NOLSM4461714,05-03-2019 ?? 9:04:30,17,14,3,Oxidation,dry,1188.90217,O2,35.37,0.198,127,703.065
NOLSM4471715,05-03-2019 ?? 9:04:30,17,15,3,Oxidation,wet,1011.74933,H2O,34.45,0.194,101,704.971
NOLSM4481716,05-03-2019 ?? 9:04:30,17,16,3,Oxidation,wet,1259.826425,O2,37.72,0.206,145,720.692
NOLSM4491717,05-03-2019 ?? 9:04:30,17,17,1,Oxidation,dry,1132.417473,O2,34.57,0.198,103,716.015
NOLSM4501718,05-03-2019 ?? 9:04:30,17,18,1,Oxidation,dry,1130.180832,H2O,33.18,0.18,129,716.476
NOLSM4511719,05-03-2019 ?? 9:04:30,17,19,1,Oxidation,dry,1081.355736,O2,35.95,0.217,133,714.01
NOLSM4521720,05-03-2019 ?? 9:04:30,17,20,1,Oxidation,dry,1181.756344,O2,35.61,0.195,146,717.093
NOLSM4531721,05-03-2019 ?? 9:04:30,17,21,1,Oxidation,wet,862.0112757,O2,29.07,0.195,56,703.906
NOLSM4541722,05-03-2019 ?? 9:04:30,17,22,1,Oxidation,dry,1067.281623,H2O,40.33,0.196,112,699.474
NOLSM4551723,05-03-2019 ?? 9:04:30,17,23,1,Oxidation,dry,1030.270105,O2,36.79,0.212,181,699.373
NOLSM4561724,05-03-2019 ?? 9:04:30,17,24,2,Oxidation,dry,1114.586608,O2,33.47,0.199,118,690.935
NOLSM4571725,05-03-2019 ?? 9:04:30,17,25,2,Oxidation,wet,1096.411544,O2,31.53,0.213,154,716.105
NOLSM4581726,05-03-2019 ?? 9:04:30,17,26,2,Oxidation,dry,1089.261667,H2O,30.59,0.204,168,700.377
NOLSM4591727,05-03-2019 ?? 9:04:30,17,27,2,Oxidation,dry,1142.00607,O2,27.16,0.229,152,707.673
NOLSM460181,06-03-2019 ?? 9:04:30,18,1,2,Oxidation,dry,870.1430801,O2,22.15,0.188,195,688.458
NOLSM461182,06-03-2019 ?? 9:04:30,18,2,2,Oxidation,dry,870.7949893,O2,22.18,0.192,199,690.969
NOLSM462183,06-03-2019 ?? 9:04:30,18,3,2,Oxidation,dry,871.0032293,O2,22.18,0.208,215,704.849
NOLSM463184,06-03-2019 ?? 9:04:30,18,4,2,Oxidation,dry,871.4997532,O2,22.18,0.211,218,708.054
NOLSM464185,06-03-2019 ?? 9:04:30,18,5,3,Oxidation,dry,871.6910602,O2,22.19,0.216,223,712.583
NOLSM465186,06-03-2019 ?? 9:04:30,18,6,3,Oxidation,dry,872.0964096,O2,22.18,0.216,223,712.477
NOLSM466187,06-03-2019 ?? 9:04:30,18,7,3,Oxidation,dry,871.8803254,O2,22.18,0.216,223,712.484
NOLSM467188,06-03-2019 ?? 9:04:30,18,8,3,Oxidation,dry,872.3541455,O2,22.2,0.217,224,713.776
NOLSM468189,06-03-2019 ?? 9:04:30,18,9,3,Oxidation,dry,872.4141968,O2,22.2,0.217,224,713.6
NOLSM4691810,06-03-2019 ?? 9:04:30,18,10,3,Oxidation,dry,872.3553695,O2,22.21,0.216,223,712.25
NOLSM4701811,06-03-2019 ?? 9:04:30,18,11,3,Oxidation,dry,872.5565675,O2,22.21,0.216,223,712.442
NOLSM4711812,06-03-2019 ?? 9:04:30,18,12,3,Oxidation,dry,872.1836111,O2,22.19,0.216,223,712.213
NOLSM4721813,06-03-2019 ?? 9:04:30,18,13,1,Oxidation,dry,872.4719636,O2,22.19,0.217,224,713.713
NOLSM4731814,06-03-2019 ?? 9:04:30,18,14,1,Oxidation,dry,872.0302876,O2,22.19,0.217,224,713.21
NOLSM4741815,06-03-2019 ?? 9:04:30,18,15,1,Oxidation,dry,872.5088053,O2,22.21,0.217,224,713.755
NOLSM4751816,06-03-2019 ?? 9:04:30,18,16,1,Oxidation,dry,872.5657741,O2,22.19,0.218,225,714.696
NOLSM4761817,06-03-2019 ?? 9:04:30,18,17,1,Oxidation,dry,872.3695463,O2,22.17,0.217,224,713.465
NOLSM4771818,06-03-2019 ?? 9:04:30,18,18,1,Oxidation,dry,872.2527033,O2,22.12,0.216,223,712.843
NOLSM4781819,06-03-2019 ?? 9:04:30,18,19,1,Oxidation,dry,871.975026,O2,22.11,0.217,224,713.454
NOLSM4791820,06-03-2019 ?? 9:04:30,18,20,1,Oxidation,dry,871.3201245,O2,22.12,0.217,224,713.224
NOLSM4801821,06-03-2019 ?? 9:04:30,18,21,2,Oxidation,dry,871.5156406,O2,22.1,0.218,225,714.11
NOLSM4811822,06-03-2019 ?? 9:04:30,18,22,2,Oxidation,dry,871.5312982,O2,22.11,0.217,224,713.825
NOLSM4821823,06-03-2019 ?? 9:04:30,18,23,2,Oxidation,dry,872.3137478,O2,22.1,0.219,226,715.172
NOLSM4831824,06-03-2019 ?? 9:04:30,18,24,2,Oxidation,dry,871.1639191,O2,22.1,0.216,223,713.038
NOLSM4841825,06-03-2019 ?? 9:04:30,18,25,2,Oxidation,dry,871.4705615,O2,22.1,0.216,223,712.958
NOLSM4851826,06-03-2019 ?? 9:04:30,18,26,2,Oxidation,dry,871.7683051,O2,22.09,0.217,224,714.001
NOLSM4861827,06-03-2019 ?? 9:04:30,18,27,2,Oxidation,dry,871.2876685,O2,22.1,0.217,224,713.848
NOLSM487191,07-03-2019 ?? 9:04:30,19,1,2,Oxidation,dry,872.1675295,O2,22.1,0.219,226,715.199
NOLSM488192,07-03-2019 ?? 9:04:30,19,2,2,Oxidation,dry,870.8549225,O2,22.1,0.219,226,715.385
NOLSM489193,07-03-2019 ?? 9:04:30,19,3,3,Oxidation,dry,871.3250502,O2,22.11,0.219,226,715.44
NOLSM490194,07-03-2019 ?? 9:04:30,19,4,3,Oxidation,dry,871.9026319,O2,22.1,0.22,227,716.953
NOLSM491195,07-03-2019 ?? 9:04:30,19,5,3,Oxidation,dry,872.372823,O2,22.09,0.22,227,716.079
NOLSM492196,07-03-2019 ?? 9:04:30,19,6,3,Oxidation,dry,871.8744387,O2,22.08,0.219,226,715.605
NOLSM493197,07-03-2019 ?? 9:04:30,19,7,3,Oxidation,dry,871.7072146,O2,22.05,0.217,224,713.967
NOLSM494198,07-03-2019 ?? 9:04:30,19,8,3,Oxidation,dry,870.5105735,O2,22.03,0.217,224,713.483
NOLSM495199,07-03-2019 ?? 9:04:30,19,9,3,Oxidation,dry,871.4561746,O2,22.04,0.217,224,713.627
NOLSM4961910,07-03-2019 ?? 9:04:30,19,10,3,Oxidation,dry,871.2889254,O2,22.03,0.218,225,714.956
NOLSM4971911,07-03-2019 ?? 9:04:30,19,11,3,Oxidation,dry,872.2062123,O2,22.05,0.217,224,713.64
NOLSM4981912,07-03-2019 ?? 9:04:30,19,12,1,Oxidation,dry,871.5021153,O2,22.06,0.216,223,712.976
NOLSM4991913,07-03-2019 ?? 9:04:30,19,13,1,Oxidation,dry,871.504701,O2,22.05,0.219,226,715.564
NOLSM5001914,07-03-2019 ?? 9:04:30,19,14,1,Oxidation,dry,871.8009857,O2,22.03,0.219,226,715.604
NOLSM5011915,07-03-2019 ?? 9:04:30,19,15,1,Oxidation,dry,870.5353831,O2,22.04,0.218,225,714.557
NOLSM5021916,07-03-2019 ?? 9:04:30,19,16,1,Oxidation,dry,871.4795899,O2,22.04,0.22,227,716.48
NOLSM5031917,07-03-2019 ?? 9:04:30,19,17,1,Oxidation,dry,871.143145,O2,21.96,0.22,227,716.51
NOLSM5041918,07-03-2019 ?? 9:04:30,19,18,1,Oxidation,dry,871.010621,O2,21.94,0.22,227,716.331
NOLSM5051919,07-03-2019 ?? 9:04:30,19,19,1,Oxidation,dry,871.4748208,O2,22.13,0.213,220,709.949
NOLSM5061920,07-03-2019 ?? 9:04:30,19,20,1,Oxidation,dry,871.395986,O2,22.14,0.213,220,709.495
NOLSM5071921,07-03-2019 ?? 9:04:30,19,21,2,Oxidation,dry,872.3889367,O2,22.14,0.213,220,710.112
NOLSM5081922,07-03-2019 ?? 9:04:30,19,22,2,Oxidation,dry,872.8802881,O2,22.14,0.215,222,711.589
NOLSM5091923,07-03-2019 ?? 9:04:30,19,23,2,Oxidation,dry,871.8084556,O2,22.15,0.213,220,709.742
NOLSM5101924,07-03-2019 ?? 9:04:30,19,24,2,Oxidation,dry,872.3073461,O2,22.23,0.213,220,709.498
NOLSM5111925,07-03-2019 ?? 9:04:30,19,25,2,Oxidation,dry,871.5513535,O2,22.16,0.212,219,709.085
NOLSM5121926,07-03-2019 ?? 9:04:30,19,26,2,Oxidation,dry,872.2408441,O2,22.17,0.214,221,710.536
NOLSM5131927,07-03-2019 ?? 9:04:30,19,27,2,Oxidation,dry,871.7324708,O2,22.15,0.21,217,706.929
NOLSM514201,08-03-2019 ?? 9:04:30,20,1,2,Oxidation,dry,871.651861,O2,22.15,0.21,217,706.65
NOLSM515202,08-03-2019 ?? 9:04:30,20,2,3,Oxidation,dry,871.3413037,O2,22.15,0.209,216,705.856
NOLSM516203,08-03-2019 ?? 9:04:30,20,3,3,Oxidation,dry,872.0034233,O2,22.15,0.211,218,707.484
NOLSM517204,08-03-2019 ?? 9:04:30,20,4,3,Oxidation,dry,871.3933033,O2,22.15,0.21,217,706.93
NOLSM518205,08-03-2019 ?? 9:04:30,20,5,3,Oxidation,dry,871.7412666,O2,22.17,0.213,220,709.798
NOLSM519206,08-03-2019 ?? 9:04:30,20,6,3,Oxidation,dry,872.0376085,O2,22.17,0.212,219,709.083
NOLSM520207,08-03-2019 ?? 9:04:30,20,7,3,Oxidation,dry,871.477974,O2,22.15,0.213,220,709.835
NOLSM521208,08-03-2019 ?? 9:04:30,20,8,3,Oxidation,dry,871.6370098,O2,22.14,0.213,220,709.288
NOLSM522209,08-03-2019 ?? 9:04:30,20,9,3,Oxidation,dry,872.2525238,O2,22.16,0.213,220,709.286
NOLSM5232010,08-03-2019 ?? 9:04:30,20,10,1,Oxidation,dry,872.1878902,O2,22.17,0.214,221,710.471
NOLSM5242011,08-03-2019 ?? 9:04:30,20,11,1,Oxidation,dry,871.8763382,O2,22.18,0.214,221,711.086
NOLSM5252012,08-03-2019 ?? 9:04:30,20,12,1,Oxidation,dry,872.1512961,O2,22.16,0.215,222,711.327
NOLSM5262013,08-03-2019 ?? 9:04:30,20,13,1,Oxidation,dry,872.3514959,O2,22.18,0.213,220,709.459
NOLSM5272014,08-03-2019 ?? 9:04:30,20,14,1,Oxidation,dry,871.8682905,O2,22.18,0.214,221,710.33
NOLSM5282015,08-03-2019 ?? 9:04:30,20,15,1,Oxidation,dry,871.8874713,O2,22.18,0.215,222,711.374
NOLSM5292016,08-03-2019 ?? 9:04:30,20,16,1,Oxidation,dry,872.3467639,O2,22.17,0.216,223,712.339
NOLSM5302017,08-03-2019 ?? 9:04:30,20,17,1,Oxidation,dry,871.8871054,O2,22.16,0.216,223,712.491
NOLSM5312018,08-03-2019 ?? 9:04:30,20,18,1,Oxidation,dry,872.0227477,O2,22.17,0.215,222,711.695
NOLSM5322019,08-03-2019 ?? 9:04:30,20,19,2,Oxidation,dry,871.8575757,O2,22.15,0.215,222,711.527
NOLSM5332020,08-03-2019 ?? 9:04:30,20,20,2,Oxidation,dry,872.3701521,O2,22.15,0.215,222,711.963
NOLSM5342021,08-03-2019 ?? 9:04:30,20,21,2,Oxidation,dry,871.5555397,O2,22.16,0.215,222,711.736
NOLSM5352022,08-03-2019 ?? 9:04:30,20,22,2,Oxidation,dry,871.8950263,O2,22.15,0.216,223,712.87
NOLSM5362023,08-03-2019 ?? 9:04:30,20,23,2,Oxidation,dry,871.7133155,O2,22.15,0.215,222,711.696
NOLSM5372024,08-03-2019 ?? 9:04:30,20,24,2,Oxidation,dry,871.954572,O2,22.12,0.215,222,711.642
NOLSM5382025,08-03-2019 ?? 9:04:30,20,25,2,Oxidation,dry,871.0201261,O2,22.12,0.215,222,711.194
NOLSM5392026,08-03-2019 ?? 9:04:30,20,26,2,Oxidation,dry,871.5725408,O2,22.14,0.216,223,712.558
NOLSM5402027,08-03-2019 ?? 9:04:30,20,27,3,Oxidation,dry,872.0957101,O2,22.15,0.217,224,714.02
NOLSM541211,17-02-2019 ?? 9:04:30,21,1,3,Oxidation,dry,872.3819847,O2,22.16,0.216,223,712.87
NOLSM542212,17-02-2019 ?? 9:04:30,21,2,3,Oxidation,dry,871.8900241,O2,22.17,0.219,226,716.026
NOLSM543213,17-02-2019 ?? 9:04:30,21,3,3,Oxidation,dry,871.7859734,O2,22.17,0.219,226,715.157
NOLSM544214,17-02-2019 ?? 9:04:30,21,4,3,Oxidation,dry,871.956216,O2,22.16,0.217,224,713.608
NOLSM545215,17-02-2019 ?? 9:04:30,21,5,3,Oxidation,dry,872.1269792,O2,22.16,0.216,223,712.692
NOLSM546216,17-02-2019 ?? 9:04:30,21,6,3,Oxidation,dry,872.0913097,O2,22.17,0.218,225,714.415
NOLSM547217,17-02-2019 ?? 9:04:30,21,7,3,Oxidation,dry,872.08619,O2,22.17,0.219,226,715.404
NOLSM548218,17-02-2019 ?? 9:04:30,21,8,3,Oxidation,dry,871.5259247,O2,22.2,0.217,224,713.132
NOLSM549219,17-02-2019 ?? 9:04:30,21,9,1,Oxidation,dry,872.2034211,O2,22.18,0.218,225,714.295
NOLSM5502110,17-02-2019 ?? 9:04:30,21,10,1,Oxidation,dry,871.9966538,O2,22.15,0.213,220,710.114
NOLSM5512111,17-02-2019 ?? 9:04:30,21,11,1,Oxidation,dry,871.9976645,O2,22.15,0.214,221,710.617
NOLSM5522112,17-02-2019 ?? 9:04:30,21,12,1,Oxidation,dry,871.7516145,O2,22.13,0.215,222,711.632
NOLSM5532113,17-02-2019 ?? 9:04:30,21,13,1,Oxidation,dry,871.6678231,O2,22.1,0.213,220,710.084
NOLSM5542114,17-02-2019 ?? 9:04:30,21,14,1,Oxidation,dry,871.4514757,O2,22.1,0.213,220,710.093
NOLSM5552115,17-02-2019 ?? 9:04:30,21,15,1,Oxidation,dry,871.6029767,O2,22.1,0.213,220,709.915
NOLSM5562116,17-02-2019 ?? 9:04:30,21,16,1,Oxidation,dry,871.05709,O2,22.11,0.214,221,710.547
NOLSM5572117,17-02-2019 ?? 9:04:30,21,17,2,Oxidation,dry,871.8284764,O2,22.09,0.214,221,711.029
NOLSM5582118,17-02-2019 ?? 9:04:30,21,18,2,Oxidation,dry,871.7135322,O2,22.09,0.212,219,709.076
NOLSM5592119,17-02-2019 ?? 9:04:30,21,19,2,Oxidation,dry,871.6839399,O2,22.09,0.214,221,710.146
NOLSM5602120,17-02-2019 ?? 9:04:30,21,20,2,Oxidation,dry,871.3102963,O2,22.1,0.213,220,709.957
NOLSM5612121,17-02-2019 ?? 9:04:30,21,21,2,Oxidation,dry,871.5861457,O2,22.11,0.213,220,709.783
NOLSM5622122,17-02-2019 ?? 9:04:30,21,22,2,Oxidation,dry,871.636985,O2,22.08,0.213,220,709.973
NOLSM5632123,17-02-2019 ?? 9:04:30,21,23,2,Oxidation,dry,871.509909,O2,22.09,0.213,220,709.984
NOLSM5642124,17-02-2019 ?? 9:04:30,21,24,2,Oxidation,dry,871.2371173,O2,22.09,0.213,220,709.983
NOLSM5652125,17-02-2019 ?? 9:04:30,21,25,3,Oxidation,dry,871.5810826,O2,22.09,0.214,221,710.137
NOLSM5662126,17-02-2019 ?? 9:04:30,21,26,3,Oxidation,dry,871.5927565,O2,22.09,0.214,221,710.837
NOLSM5672127,17-02-2019 ?? 9:04:30,21,27,3,Oxidation,dry,871.46516,O2,22.1,0.214,221,710.727
NOLSM568221,18-02-2019 ?? 9:04:30,22,1,3,Oxidation,dry,871.391674,O2,22.11,0.216,223,713.032
NOLSM569222,18-02-2019 ?? 9:04:30,22,2,3,Oxidation,dry,871.483754,O2,22.13,0.215,222,711.612
NOLSM570223,18-02-2019 ?? 9:04:30,22,3,3,Oxidation,dry,872.0062032,O2,22.11,0.216,223,712.392
NOLSM571224,18-02-2019 ?? 9:04:30,22,4,3,Oxidation,dry,871.2614915,O2,22.11,0.216,223,712.963
NOLSM572225,18-02-2019 ?? 9:04:30,22,5,3,Oxidation,dry,871.5716543,O2,22.12,0.217,224,713.24
NOLSM573226,18-02-2019 ?? 9:04:30,22,6,3,Oxidation,dry,871.7998926,O2,22.14,0.217,224,713.658
NOLSM574227,18-02-2019 ?? 9:04:30,22,7,1,Oxidation,dry,872.0641922,O2,22.14,0.217,224,714.028
NOLSM575228,18-02-2019 ?? 9:04:30,22,8,1,Oxidation,dry,871.7450712,O2,22.13,0.217,224,713.609
NOLSM576229,18-02-2019 ?? 9:04:30,22,9,1,Oxidation,dry,871.9001335,O2,22.14,0.218,225,714.418
NOLSM5772210,18-02-2019 ?? 9:04:30,22,10,1,Oxidation,dry,871.6110117,O2,22.15,0.216,223,712.826
NOLSM5782211,18-02-2019 ?? 9:04:30,22,11,1,Oxidation,dry,871.5596314,O2,22.15,0.217,224,713.234
NOLSM5792212,18-02-2019 ?? 9:04:30,22,12,1,Oxidation,dry,871.7065978,O2,22.17,0.219,226,715.187
NOLSM5802213,18-02-2019 ?? 9:04:30,22,13,1,Oxidation,dry,872.1894731,O2,22.16,0.218,225,714.097
NOLSM5812214,18-02-2019 ?? 9:04:30,22,14,1,Oxidation,dry,871.6953428,O2,22.15,0.217,224,713.596
NOLSM5822215,18-02-2019 ?? 9:04:30,22,15,1,Oxidation,dry,871.8111222,O2,22.14,0.217,224,713.273
NOLSM5832216,18-02-2019 ?? 9:04:30,22,16,2,Oxidation,dry,872.909128,O2,22.23,0.214,221,710.686
NOLSM5842217,18-02-2019 ?? 9:04:30,22,17,2,Oxidation,dry,872.4182407,O2,22.24,0.214,221,711.073
NOLSM5852218,18-02-2019 ?? 9:04:30,22,18,2,Oxidation,dry,872.5900813,O2,22.25,0.214,221,710.814
NOLSM5862219,18-02-2019 ?? 9:04:30,22,19,2,Oxidation,dry,872.5307867,O2,22.24,0.215,222,711.779
NOLSM5872220,18-02-2019 ?? 9:04:30,22,20,2,Oxidation,dry,872.2886689,O2,22.23,0.216,223,712.757
NOLSM5882221,18-02-2019 ?? 9:04:30,22,21,2,Oxidation,dry,872.1321949,O2,22.22,0.216,223,713.04
NOLSM5892222,18-02-2019 ?? 9:04:30,22,22,2,Oxidation,dry,872.2223398,O2,22.21,0.215,222,712.11
NOLSM5902223,18-02-2019 ?? 9:04:30,22,23,2,Oxidation,dry,872.6191885,O2,22.21,0.217,224,713.575
NOLSM5912224,18-02-2019 ?? 9:04:30,22,24,3,Oxidation,dry,872.0885981,O2,22.18,0.216,223,712.199
NOLSM5922225,18-02-2019 ?? 9:04:30,22,25,3,Oxidation,dry,872.0911127,O2,22.15,0.217,224,713.554
NOLSM5932226,18-02-2019 ?? 9:04:30,22,26,3,Oxidation,dry,871.9066525,O2,22.14,0.217,224,713.758
NOLSM5942227,18-02-2019 ?? 9:04:30,22,27,3,Oxidation,dry,872.1020701,O2,22.15,0.216,223,712.759
NOLSM595231,19-02-2019 ?? 9:04:30,23,1,3,Oxidation,dry,871.8231118,O2,22.18,0.216,223,713.094
NOLSM596232,19-02-2019 ?? 9:04:30,23,2,3,Oxidation,dry,872.296457,O2,22.17,0.218,225,714.308
NOLSM597233,19-02-2019 ?? 9:04:30,23,3,3,Oxidation,dry,872.2217104,O2,22.19,0.218,225,714.843
NOLSM598234,19-02-2019 ?? 9:04:30,23,4,3,Oxidation,dry,872.3194942,O2,22.21,0.218,225,714.77
NOLSM599235,19-02-2019 ?? 9:04:30,23,5,3,Oxidation,dry,872.2769948,O2,22.21,0.219,226,715.244
NOLSM600236,19-02-2019 ?? 9:04:30,23,6,1,Oxidation,dry,872.6440822,O2,22.21,0.219,226,715.316
NOLSM601237,19-02-2019 ?? 9:04:30,23,7,1,Oxidation,dry,872.3242876,O2,22.2,0.218,225,714.519
NOLSM602238,19-02-2019 ?? 9:04:30,23,8,1,Oxidation,dry,872.0818828,O2,22.2,0.217,224,713.231
NOLSM603239,19-02-2019 ?? 9:04:30,23,9,1,Oxidation,dry,873.033134,O2,22.26,0.211,218,708.099
NOLSM6042310,19-02-2019 ?? 9:04:30,23,10,1,Oxidation,dry,872.5846803,O2,22.24,0.209,216,705.959
NOLSM6052311,19-02-2019 ?? 9:04:30,23,11,1,Oxidation,dry,871.957297,O2,22.23,0.21,217,706.485
NOLSM6062312,19-02-2019 ?? 9:04:30,23,12,1,Oxidation,dry,872.8915992,O2,22.24,0.209,216,705.983
NOLSM6072313,19-02-2019 ?? 9:04:30,23,13,1,Oxidation,dry,872.3145484,O2,22.24,0.208,215,704.746
NOLSM6082314,19-02-2019 ?? 9:04:30,23,14,1,Oxidation,dry,873.1946729,O2,22.29,0.209,216,705.816
NOLSM6092315,19-02-2019 ?? 9:04:30,23,15,2,Oxidation,dry,872.7865968,O2,22.29,0.21,217,707.218
NOLSM6102316,19-02-2019 ?? 9:04:30,23,16,2,Oxidation,dry,872.7637573,O2,22.22,0.21,217,706.868
NOLSM6112317,19-02-2019 ?? 9:04:30,23,17,2,Oxidation,dry,872.0635933,O2,22.21,0.209,216,706.445
NOLSM6122318,19-02-2019 ?? 9:04:30,23,18,2,Oxidation,dry,871.5083911,O2,22.2,0.207,214,703.86
NOLSM6132319,19-02-2019 ?? 9:04:30,23,19,2,Oxidation,dry,872.6973433,O2,22.19,0.208,215,704.941
NOLSM6142320,19-02-2019 ?? 9:04:30,23,20,2,Oxidation,dry,872.2289436,O2,22.19,0.207,214,703.94
NOLSM6152321,19-02-2019 ?? 9:04:30,23,21,2,Oxidation,dry,872.4912831,O2,22.17,0.209,216,705.549
NOLSM6162322,19-02-2019 ?? 9:04:30,23,22,2,Oxidation,dry,872.4140677,O2,22.2,0.209,216,705.637
NOLSM6172323,19-02-2019 ?? 9:04:30,23,23,3,Oxidation,dry,872.8173606,O2,22.22,0.212,219,708.419
NOLSM6182324,19-02-2019 ?? 9:04:30,23,24,3,Oxidation,dry,872.300185,O2,22.22,0.21,217,707.023
NOLSM6192325,19-02-2019 ?? 9:04:30,23,25,3,Oxidation,dry,873.0254554,O2,22.24,0.212,219,708.778
NOLSM6202326,19-02-2019 ?? 9:04:30,23,26,3,Oxidation,dry,873.2831139,O2,22.25,0.212,219,708.823
NOLSM6212327,19-02-2019 ?? 9:04:30,23,27,3,Oxidation,dry,873.1587753,O2,22.24,0.213,220,709.902
NOLSM622241,20-02-2019 ?? 9:04:30,24,1,3,Oxidation,dry,873.084869,O2,22.23,0.212,219,709.099
NOLSM623242,20-02-2019 ?? 9:04:30,24,2,3,Oxidation,dry,873.072423,O2,22.23,0.212,219,709.007
NOLSM624243,20-02-2019 ?? 9:04:30,24,3,3,Oxidation,dry,872.5332182,O2,22.24,0.211,218,707.54
NOLSM625244,20-02-2019 ?? 9:04:30,24,4,3,Oxidation,dry,873.3761111,O2,22.25,0.211,218,708.313
NOLSM626245,20-02-2019 ?? 9:04:30,24,5,1,Oxidation,dry,872.5345326,O2,22.23,0.211,218,707.85
NOLSM627246,20-02-2019 ?? 9:04:30,24,6,1,Oxidation,dry,872.559143,O2,22.22,0.212,219,708.55
NOLSM628247,20-02-2019 ?? 9:04:30,24,7,1,Oxidation,dry,872.8073954,O2,22.24,0.211,218,708.201
NOLSM629248,20-02-2019 ?? 9:04:30,24,8,1,Oxidation,dry,873.0240205,O2,22.24,0.217,224,713.448
NOLSM630249,20-02-2019 ?? 9:04:30,24,9,1,Oxidation,dry,873.1896082,O2,22.22,0.215,222,711.889
NOLSM6312410,20-02-2019 ?? 9:04:30,24,10,1,Oxidation,dry,872.574106,O2,22.22,0.215,222,711.589
NOLSM6322411,20-02-2019 ?? 9:04:30,24,11,1,Oxidation,dry,872.7711888,O2,22.22,0.215,222,711.408
NOLSM6332412,20-02-2019 ?? 9:04:30,24,12,2,Oxidation,dry,872.7380206,O2,22.21,0.215,222,711.541
NOLSM6342413,20-02-2019 ?? 9:04:30,24,13,2,Oxidation,dry,872.6970523,O2,22.23,0.213,220,709.592
NOLSM6352414,20-02-2019 ?? 9:04:30,24,14,2,Oxidation,dry,872.7767325,O2,22.23,0.213,220,710.17
NOLSM6362415,20-02-2019 ?? 9:04:30,24,15,2,Oxidation,dry,873.2619609,O2,22.24,0.213,220,710.145
NOLSM6372416,20-02-2019 ?? 9:04:30,24,16,2,Oxidation,dry,872.734309,O2,22.23,0.212,219,709.285
NOLSM6382417,20-02-2019 ?? 9:04:30,24,17,2,Oxidation,dry,872.8679334,O2,22.24,0.213,220,710.068
NOLSM6392418,20-02-2019 ?? 9:04:30,24,18,2,Oxidation,dry,872.7142818,O2,22.22,0.214,221,710.381
NOLSM6402419,20-02-2019 ?? 9:04:30,24,19,3,Oxidation,dry,871.7241738,O2,22.16,0.212,219,708.853
NOLSM6412420,20-02-2019 ?? 9:04:30,24,20,3,Oxidation,dry,871.6366975,O2,22.16,0.213,220,709.539
NOLSM6422421,20-02-2019 ?? 9:04:30,24,21,3,Oxidation,dry,872.3056106,O2,22.16,0.213,220,709.879
NOLSM6432422,20-02-2019 ?? 9:04:30,24,22,3,Oxidation,dry,871.707377,O2,22.17,0.214,221,710.548
NOLSM6442423,20-02-2019 ?? 9:04:30,24,23,3,Oxidation,dry,872.4818912,O2,22.17,0.215,222,711.942
NOLSM6452424,20-02-2019 ?? 9:04:30,24,24,3,Oxidation,dry,872.2534841,O2,22.18,0.215,222,711.872
NOLSM6462425,20-02-2019 ?? 9:04:30,24,25,3,Oxidation,dry,872.4469835,O2,22.19,0.214,221,710.775
NOLSM6472426,20-02-2019 ?? 9:04:30,24,26,3,Oxidation,dry,873.4705382,O2,22.26,0.225,232,721.722
NOLSM6482427,20-02-2019 ?? 9:04:30,24,27,1,Oxidation,dry,873.8377269,O2,22.29,0.226,233,722.271
NOLSM649251,21-02-2019 ?? 9:04:30,25,1,1,Oxidation,dry,872.8111939,O2,22.19,0.223,230,719.379
NOLSM650252,21-02-2019 ?? 9:04:30,25,2,1,Oxidation,dry,874.3783759,O2,22.21,0.226,233,722.459
NOLSM651253,21-02-2019 ?? 9:04:30,25,3,1,Oxidation,dry,873.2601724,O2,22.21,0.223,230,719.559
NOLSM652254,21-02-2019 ?? 9:04:30,25,4,1,Oxidation,dry,873.4048584,O2,22.21,0.223,230,719.317
NOLSM653255,21-02-2019 ?? 9:04:30,25,5,1,Oxidation,dry,874.1589804,O2,22.2,0.224,231,720.125
NOLSM654256,21-02-2019 ?? 9:04:30,25,6,1,Oxidation,dry,872.7100838,O2,22.35,0.22,227,716.577
NOLSM655257,21-02-2019 ?? 9:04:30,25,7,1,Oxidation,dry,874.8733093,O2,22.41,0.227,234,723.192
NOLSM656258,21-02-2019 ?? 9:04:30,25,8,1,Oxidation,dry,874.6087253,O2,22.36,0.228,235,724.192
NOLSM657259,21-02-2019 ?? 9:04:30,25,9,2,Oxidation,dry,875.0242117,O2,22.33,0.229,236,725.29
NOLSM6582510,21-02-2019 ?? 9:04:30,25,10,2,Oxidation,dry,873.8017674,O2,22.32,0.226,233,722.888
NOLSM6592511,21-02-2019 ?? 9:04:30,25,11,2,Oxidation,dry,874.1020737,O2,22.34,0.227,234,723.381
NOLSM6602512,21-02-2019 ?? 9:04:30,25,12,2,Oxidation,dry,875.0530542,O2,22.43,0.226,233,722.703
NOLSM6612513,21-02-2019 ?? 9:04:30,25,13,2,Oxidation,dry,875.1521754,O2,22.42,0.227,234,723.896
NOLSM6622514,21-02-2019 ?? 9:04:30,25,14,2,Oxidation,dry,875.1557588,O2,22.41,0.228,235,724.612
NOLSM6632515,21-02-2019 ?? 9:04:30,25,15,2,Oxidation,dry,874.8372938,O2,22.4,0.227,234,723.873
NOLSM6642516,21-02-2019 ?? 9:04:30,25,16,2,Oxidation,dry,874.7891083,O2,22.42,0.226,233,722.593
NOLSM6652517,21-02-2019 ?? 9:04:30,25,17,2,Oxidation,dry,875.3432567,O2,22.43,0.225,232,721.472
NOLSM6662518,21-02-2019 ?? 9:04:30,25,18,3,Oxidation,dry,874.4562581,O2,22.44,0.223,230,719.897
NOLSM6672519,21-02-2019 ?? 9:04:30,25,19,3,Oxidation,dry,874.7757848,O2,22.46,0.223,230,719.597
NOLSM6682520,21-02-2019 ?? 9:04:30,25,20,3,Oxidation,dry,874.7294473,O2,22.44,0.223,230,719.49
NOLSM6692521,21-02-2019 ?? 9:04:30,25,21,3,Oxidation,dry,874.5471399,O2,22.42,0.223,230,719.948
NOLSM6702522,21-02-2019 ?? 9:04:30,25,22,3,Oxidation,dry,874.4068155,O2,22.43,0.221,228,717.634
NOLSM6712523,21-02-2019 ?? 9:04:30,25,23,3,Oxidation,dry,874.134752,O2,22.45,0.221,228,718.016
NOLSM6722524,21-02-2019 ?? 9:04:30,25,24,3,Oxidation,dry,873.8859252,O2,22.46,0.221,228,717.698
NOLSM6732525,21-02-2019 ?? 9:04:30,25,25,3,Oxidation,dry,874.6530759,O2,22.47,0.222,229,718.56
NOLSM6742526,21-02-2019 ?? 9:04:30,25,26,1,Oxidation,dry,874.3081993,O2,22.46,0.222,229,719.062
NOLSM6752527,21-02-2019 ?? 9:04:30,25,27,1,Oxidation,dry,874.6540987,O2,22.45,0.222,229,718.585
NOLSM676261,22-02-2019 ?? 9:04:30,26,1,1,Oxidation,dry,874.7659355,O2,22.47,0.222,229,719.042
NOLSM677262,22-02-2019 ?? 9:04:30,26,2,1,Oxidation,dry,874.9213473,O2,22.48,0.222,229,719.07
NOLSM678263,22-02-2019 ?? 9:04:30,26,3,1,Oxidation,dry,874.6567849,O2,22.48,0.224,231,720.337
NOLSM679264,22-02-2019 ?? 9:04:30,26,4,1,Oxidation,dry,874.49514,O2,22.46,0.223,230,720.149
NOLSM680265,22-02-2019 ?? 9:04:30,26,5,1,Oxidation,dry,874.6475224,O2,22.48,0.223,230,720.06
NOLSM681266,22-02-2019 ?? 9:04:30,26,6,2,Oxidation,dry,874.650001,O2,22.51,0.223,230,719.864
NOLSM682267,22-02-2019 ?? 9:04:30,26,7,2,Oxidation,dry,875.2490053,O2,22.49,0.225,232,721.949
NOLSM683268,22-02-2019 ?? 9:04:30,26,8,2,Oxidation,dry,874.9722399,O2,22.48,0.225,232,721.375
NOLSM684269,22-02-2019 ?? 9:04:30,26,9,2,Oxidation,dry,874.9106295,O2,22.48,0.225,232,721.646
NOLSM6852610,22-02-2019 ?? 9:04:30,26,10,2,Oxidation,dry,874.934489,O2,22.48,0.225,232,721.658
NOLSM6862611,22-02-2019 ?? 9:04:30,26,11,2,Oxidation,wet,1272.944225,H2O,44.95,0.225,32,727.786
NOLSM6872612,22-02-2019 ?? 9:04:30,26,12,2,Oxidation,wet,1279.574302,H2O,45.02,0.225,32,725.688
NOLSM6882613,22-02-2019 ?? 9:04:30,26,13,2,Oxidation,wet,1278.151204,H2O,44.99,0.225,32,714.309
NOLSM6892614,22-02-2019 ?? 9:04:30,26,14,2,Oxidation,wet,1272.018759,H2O,44.97,0.225,32,725.202
NOLSM6902615,22-02-2019 ?? 9:04:30,26,15,3,Oxidation,wet,1273.67389,H2O,44.96,0.225,32,727.572
NOLSM6912616,22-02-2019 ?? 9:04:30,26,16,3,Oxidation,wet,1274.307552,H2O,44.97,0.225,32,729.613
NOLSM6922617,22-02-2019 ?? 9:04:30,26,17,3,Oxidation,wet,1275.455879,H2O,44.99,0.224,31,718.579
NOLSM6932618,22-02-2019 ?? 9:04:30,26,18,3,Oxidation,wet,1269.839966,H2O,45.03,0.225,32,711.095
NOLSM6942619,22-02-2019 ?? 9:04:30,26,19,3,Oxidation,wet,1268.496552,H2O,45.01,0.224,31,725.309
NOLSM6952620,22-02-2019 ?? 9:04:30,26,20,3,Oxidation,wet,1272.234319,H2O,44.98,0.227,34,725.928
NOLSM6962621,22-02-2019 ?? 9:04:30,26,21,3,Oxidation,wet,1281.904577,H2O,44.96,0.226,33,722.571
NOLSM6972622,22-02-2019 ?? 9:04:30,26,22,3,Oxidation,wet,1278.781256,H2O,44.97,0.225,32,716.389
NOLSM6982623,22-02-2019 ?? 9:04:30,26,23,3,Oxidation,wet,1272.288779,H2O,44.96,0.225,32,712.382
NOLSM6992624,22-02-2019 ?? 9:04:30,26,24,1,Oxidation,wet,1277.848427,H2O,45.01,0.225,32,721.441
NOLSM7002625,22-02-2019 ?? 9:04:30,26,25,1,Oxidation,wet,1282.615874,H2O,44.95,0.225,32,725.621
NOLSM7012626,22-02-2019 ?? 9:04:30,26,26,1,Oxidation,wet,1276.427083,H2O,44.94,0.224,31,715.821
NOLSM7022627,22-02-2019 ?? 9:04:30,26,27,1,Oxidation,wet,1281.11012,H2O,44.94,0.225,32,724.281
NOLSM704272,23-02-2019 ?? 9:04:30,27,2,1,Oxidation,wet,1273.898222,H2O,44.97,0.221,28,718.015
NOLSM705273,23-02-2019 ?? 9:04:30,27,3,1,Oxidation,wet,1274.442203,H2O,44.97,0.224,31,718.058
NOLSM706274,23-02-2019 ?? 9:04:30,27,4,1,Oxidation,wet,1276.432217,H2O,44.89,0.223,30,721.87
NOLSM707275,23-02-2019 ?? 9:04:30,27,5,1,Oxidation,wet,1277.655913,H2O,44.99,0.22,27,718.198
NOLSM708276,23-02-2019 ?? 9:04:30,27,6,2,Oxidation,wet,1285.038285,H2O,45.03,0.22,27,713.546
NOLSM709277,23-02-2019 ?? 9:04:30,27,7,2,Oxidation,wet,1268.453844,H2O,45.04,0.22,27,711.421
NOLSM710278,23-02-2019 ?? 9:04:30,27,8,2,Oxidation,wet,1271.732672,H2O,45.02,0.217,24,711.592
NOLSM711279,23-02-2019 ?? 9:04:30,27,9,2,Oxidation,wet,1269.30024,H2O,45.03,0.216,23,712.814
NOLSM7122710,23-02-2019 ?? 9:04:30,27,10,2,Oxidation,wet,1279.21923,H2O,45.05,0.216,23,717.163
NOLSM7132711,23-02-2019 ?? 9:04:30,27,11,2,Oxidation,wet,1278.274705,H2O,45.09,0.216,23,712.164
NOLSM7142712,23-02-2019 ?? 9:04:30,27,12,2,Oxidation,wet,1279.19832,H2O,45.18,0.217,24,710.377
NOLSM7152713,23-02-2019 ?? 9:04:30,27,13,2,Oxidation,wet,1281.471833,H2O,45.2,0.218,25,715.375
NOLSM7162714,23-02-2019 ?? 9:04:30,27,14,2,Oxidation,wet,1276.658404,H2O,45.21,0.218,25,710.587
NOLSM7172715,23-02-2019 ?? 9:04:30,27,15,3,Oxidation,wet,1274.233471,H2O,45.11,0.218,25,715.218
NOLSM7182716,23-02-2019 ?? 9:04:30,27,16,3,Oxidation,wet,1269.767175,H2O,45.08,0.218,25,717.232
NOLSM7192717,23-02-2019 ?? 9:04:30,27,17,3,Oxidation,wet,1279.049735,H2O,45.11,0.218,25,710.706
NOLSM7202718,23-02-2019 ?? 9:04:30,27,18,3,Oxidation,wet,1272.182158,H2O,45.12,0.218,25,718.782
NOLSM7212719,23-02-2019 ?? 9:04:30,27,19,3,Oxidation,wet,1277.082665,H2O,45.09,0.22,27,718.57
NOLSM7222720,23-02-2019 ?? 9:04:30,27,20,3,Oxidation,wet,1276.871085,H2O,45.12,0.221,28,719.687
NOLSM7232721,23-02-2019 ?? 9:04:30,27,21,1,Oxidation,wet,1275.582669,H2O,45.18,0.222,29,721.081
NOLSM7242722,23-02-2019 ?? 9:04:30,27,22,1,Oxidation,wet,1277.551834,H2O,45.19,0.222,29,717.858
NOLSM7252723,23-02-2019 ?? 9:04:30,27,23,1,Oxidation,wet,1277.78147,H2O,45.12,0.222,29,718.895
NOLSM7262724,23-02-2019 ?? 9:04:30,27,24,1,Oxidation,wet,1277.178251,H2O,45.13,0.223,30,718.567
NOLSM7272725,23-02-2019 ?? 9:04:30,27,25,1,Oxidation,wet,1270.342348,H2O,45.11,0.223,30,724.096
NOLSM7282726,23-02-2019 ?? 9:04:30,27,26,1,Oxidation,wet,1273.844301,H2O,45.15,0.223,30,719.496
NOLSM7292727,23-02-2019 ?? 9:04:30,27,27,1,Oxidation,wet,1270.993341,H2O,45.16,0.223,30,716.874
NOLSM730281,24-02-2019 ?? 9:04:30,28,1,1,Oxidation,wet,1278.50258,H2O,45.12,0.224,31,722.525
NOLSM731282,24-02-2019 ?? 9:04:30,28,2,1,Oxidation,wet,1278.599932,H2O,45.16,0.224,31,723.08
NOLSM732283,24-02-2019 ?? 9:04:30,28,3,2,Oxidation,wet,1278.835759,H2O,45.19,0.225,32,719.235
NOLSM733284,24-02-2019 ?? 9:04:30,28,4,2,Oxidation,wet,1281.924107,H2O,45.2,0.225,32,724.821
NOLSM734285,24-02-2019 ?? 9:04:30,28,5,2,Oxidation,wet,1276.061577,H2O,45.22,0.223,30,718.628
NOLSM735286,24-02-2019 ?? 9:04:30,28,6,2,Oxidation,wet,1276.3955,H2O,45.25,0.225,32,720.697
NOLSM736287,24-02-2019 ?? 9:04:30,28,7,2,Oxidation,wet,1275.200613,H2O,45.26,0.225,32,719.265
NOLSM737288,24-02-2019 ?? 9:04:30,28,8,2,Oxidation,wet,1278.980075,H2O,45.26,0.225,32,715.88
NOLSM738289,24-02-2019 ?? 9:04:30,28,9,2,Oxidation,wet,1282.139237,H2O,45.21,0.225,32,726.383
NOLSM7392810,24-02-2019 ?? 9:04:30,28,10,2,Oxidation,wet,1274.525002,H2O,45.22,0.224,31,720.264
NOLSM7402811,24-02-2019 ?? 9:04:30,28,11,2,Oxidation,wet,1273.863736,H2O,45.22,0.225,32,717.763
NOLSM7412812,24-02-2019 ?? 9:04:30,28,12,3,Oxidation,wet,1283.985107,H2O,45.28,0.225,32,724.499
NOLSM7422813,24-02-2019 ?? 9:04:30,28,13,3,Oxidation,wet,1283.363039,H2O,45.26,0.226,33,727.814
NOLSM7432814,24-02-2019 ?? 9:04:30,28,14,3,Oxidation,wet,1274.803652,H2O,45.24,0.226,33,722.683
NOLSM7442815,24-02-2019 ?? 9:04:30,28,15,3,Oxidation,wet,1278.617427,H2O,45.35,0.226,33,727.582
NOLSM7452816,24-02-2019 ?? 9:04:30,28,16,3,Oxidation,wet,1277.493534,H2O,45.31,0.226,33,726.818
NOLSM7462817,24-02-2019 ?? 9:04:30,28,17,3,Oxidation,wet,1269.23601,H2O,45.34,0.225,32,713.605
NOLSM7472818,24-02-2019 ?? 9:04:30,28,18,3,Oxidation,wet,1274.667489,H2O,45.47,0.224,31,726.633
NOLSM7482819,24-02-2019 ?? 9:04:30,28,19,3,Oxidation,wet,1282.933609,H2O,45.52,0.224,31,719.265
NOLSM7492820,24-02-2019 ?? 9:04:30,28,20,3,Oxidation,wet,1275.589114,H2O,45.44,0.226,33,722.546
NOLSM7502821,24-02-2019 ?? 9:04:30,28,21,1,Oxidation,wet,1282.816736,H2O,45.44,0.226,33,728.731
NOLSM7512822,24-02-2019 ?? 9:04:30,28,22,1,Oxidation,wet,1270.238956,H2O,45.43,0.225,32,728.858
NOLSM7522823,24-02-2019 ?? 9:04:30,28,23,1,Oxidation,wet,1279.042715,H2O,45.46,0.222,29,713.971
NOLSM7532824,24-02-2019 ?? 9:04:30,28,24,1,Oxidation,wet,1283.203618,H2O,45.66,0.222,29,721.066
NOLSM7542825,24-02-2019 ?? 9:04:30,28,25,1,Oxidation,wet,1280.87409,H2O,45.89,0.223,30,729.198
NOLSM7552826,24-02-2019 ?? 9:04:30,28,26,1,Oxidation,wet,1280.102167,H2O,45.86,0.226,33,721.514
NOLSM7562827,24-02-2019 ?? 9:04:30,28,27,1,Oxidation,wet,1281.304421,H2O,45.75,0.225,32,721.329
NOLSM757291,25-02-2019 ?? 9:04:30,29,1,1,Oxidation,wet,1275.5657,H2O,45.74,0.222,29,716.87
NOLSM758292,25-02-2019 ?? 9:04:30,29,2,2,Oxidation,wet,1276.060274,H2O,45.76,0.223,30,720.769
NOLSM759293,25-02-2019 ?? 9:04:30,29,3,2,Oxidation,wet,1283.867919,H2O,45.89,0.222,29,721.954
NOLSM760294,25-02-2019 ?? 9:04:30,29,4,2,Oxidation,wet,1273.783436,H2O,45.88,0.223,30,712.621
NOLSM761295,25-02-2019 ?? 9:04:30,29,5,2,Oxidation,wet,1272.564858,H2O,45.85,0.223,30,716.794
NOLSM762296,25-02-2019 ?? 9:04:30,29,6,2,Oxidation,wet,1268.333781,H2O,44.53,0.191,113.2,686.53
NOLSM763297,25-02-2019 ?? 9:04:30,29,7,2,Oxidation,wet,1274.752189,H2O,44.62,0.187,82.8,691.168
NOLSM764298,25-02-2019 ?? 9:04:30,29,8,2,Oxidation,wet,1268.120909,H2O,44.64,0.203,10,710.04
NOLSM765299,25-02-2019 ?? 9:04:30,29,9,2,Oxidation,wet,1269.521244,H2O,44.54,0.213,20,709.047
NOLSM7662910,25-02-2019 ?? 9:04:30,29,10,2,Oxidation,wet,1267.405918,H2O,44.53,0.219,26,723.555
NOLSM7672911,25-02-2019 ?? 9:04:30,29,11,3,Oxidation,wet,1279.535843,H2O,44.49,0.218,25,720.167
NOLSM7682912,25-02-2019 ?? 9:04:30,29,12,3,Oxidation,wet,1272.848472,H2O,44.51,0.217,24,708.6
NOLSM7692913,25-02-2019 ?? 9:04:30,29,13,3,Oxidation,wet,1275.111403,H2O,44.57,0.217,24,715.256
NOLSM7702914,25-02-2019 ?? 9:04:30,29,14,3,Oxidation,wet,1269.36468,H2O,44.56,0.218,25,711.702
NOLSM7712915,25-02-2019 ?? 9:04:30,29,15,3,Oxidation,wet,1275.851896,H2O,44.55,0.218,25,715.973
NOLSM7722916,25-02-2019 ?? 9:04:30,29,16,3,Oxidation,wet,1271.279622,H2O,44.48,0.218,25,717.236
NOLSM7732917,25-02-2019 ?? 9:04:30,29,17,3,Oxidation,wet,1269.031664,H2O,44.48,0.217,24,712.928
NOLSM7742918,25-02-2019 ?? 9:04:30,29,18,3,Oxidation,wet,1277.293219,H2O,44.58,0.216,23,714.822
NOLSM7752919,25-02-2019 ?? 9:04:30,29,19,1,Oxidation,wet,1269.0928,H2O,44.59,0.217,24,721.528
NOLSM7762920,25-02-2019 ?? 9:04:30,29,20,1,Oxidation,wet,1274.338129,H2O,44.53,0.218,25,715.249
NOLSM7772921,25-02-2019 ?? 9:04:30,29,21,1,Oxidation,wet,1277.125287,H2O,44.53,0.219,26,713.007
NOLSM7782922,25-02-2019 ?? 9:04:30,29,22,1,Oxidation,wet,1273.466561,H2O,44.62,0.218,25,714.238
NOLSM7792923,25-02-2019 ?? 9:04:30,29,23,1,Oxidation,wet,1277.074151,H2O,44.72,0.218,25,714.974
NOLSM7802924,25-02-2019 ?? 9:04:30,29,24,1,Oxidation,wet,1273.47807,H2O,44.78,0.218,25,715.226
NOLSM7812925,25-02-2019 ?? 9:04:30,29,25,1,Oxidation,wet,1273.731235,H2O,44.68,0.218,25,724.374
NOLSM7822926,25-02-2019 ?? 9:04:30,29,26,2,Oxidation,wet,1277.858397,H2O,44.64,0.218,25,719.23
NOLSM7832927,25-02-2019 ?? 9:04:30,29,27,2,Oxidation,wet,1272.150947,H2O,44.53,0.215,22,713.79
NOLSM784301,26-02-2019 ?? 9:04:30,30,1,2,Oxidation,wet,1277.585885,H2O,44.61,0.217,24,713.559
NOLSM785302,26-02-2019 ?? 9:04:30,30,2,2,Oxidation,wet,1269.55305,H2O,44.58,0.218,25,716.184
NOLSM786303,26-02-2019 ?? 9:04:30,30,3,2,Oxidation,wet,1282.393014,H2O,44.58,0.218,25,719.658
NOLSM787304,26-02-2019 ?? 9:04:30,30,4,2,Oxidation,wet,1269.47541,H2O,44.59,0.215,22,717.264
NOLSM788305,26-02-2019 ?? 9:04:30,30,5,2,Oxidation,wet,1265.709997,H2O,44.57,0.216,23,718.321
NOLSM789306,26-02-2019 ?? 9:04:30,30,6,2,Oxidation,wet,1271.029371,H2O,44.59,0.216,23,712.492
NOLSM790307,26-02-2019 ?? 9:04:30,30,7,2,Oxidation,wet,1277.113934,H2O,44.59,0.217,24,708.404
NOLSM791308,26-02-2019 ?? 9:04:30,30,8,3,Oxidation,wet,1278.441909,H2O,44.59,0.217,24,720.945
NOLSM792309,26-02-2019 ?? 9:04:30,30,9,3,Oxidation,wet,1268.370063,H2O,44.55,0.215,22,713.334
NOLSM7933010,26-02-2019 ?? 9:04:30,30,10,3,Oxidation,wet,1271.821489,H2O,44.57,0.216,23,716.68
NOLSM7943011,26-02-2019 ?? 9:04:30,30,11,3,Oxidation,wet,1279.940506,H2O,44.57,0.216,23,717.314
NOLSM7953012,26-02-2019 ?? 9:04:30,30,12,3,Oxidation,wet,1275.064088,H2O,44.62,0.216,23,716.545
NOLSM7963013,26-02-2019 ?? 9:04:30,30,13,3,Oxidation,wet,1274.002515,H2O,44.63,0.219,26,712.706
NOLSM7973014,26-02-2019 ?? 9:04:30,30,14,3,Oxidation,wet,1280.587718,H2O,44.55,0.219,26,716.92
NOLSM7983015,26-02-2019 ?? 9:04:30,30,15,3,Oxidation,wet,1274.885849,H2O,44.57,0.215,22,716.828
NOLSM7993016,26-02-2019 ?? 9:04:30,30,16,1,Oxidation,wet,1278.766962,H2O,44.56,0.216,23,707.057
NOLSM8003017,26-02-2019 ?? 9:04:30,30,17,1,Oxidation,wet,1278.800577,H2O,44.53,0.213,20,717.059
NOLSM8013018,26-02-2019 ?? 9:04:30,30,18,1,Oxidation,wet,1273.81838,H2O,44.56,0.213,20,711.639
NOLSM8023019,26-02-2019 ?? 9:04:30,30,19,1,Oxidation,wet,1271.530004,H2O,44.58,0.211,18,707.582
NOLSM8033020,26-02-2019 ?? 9:04:30,30,20,1,Oxidation,wet,1272.531274,H2O,44.6,0.216,23,707.619
NOLSM8043021,26-02-2019 ?? 9:04:30,30,21,1,Oxidation,wet,1275.425012,H2O,44.56,0.215,22,713.867
NOLSM8053022,26-02-2019 ?? 9:04:30,30,22,1,Oxidation,wet,1271.349047,H2O,44.59,0.213,20,705.557
NOLSM8063023,26-02-2019 ?? 9:04:30,30,23,1,Oxidation,wet,1271.710804,H2O,44.65,0.211,18,707.754
NOLSM8073024,26-02-2019 ?? 9:04:30,30,24,2,Oxidation,wet,1275.014592,H2O,44.62,0.211,18,702.472
NOLSM8083025,26-02-2019 ?? 9:04:30,30,25,2,Oxidation,wet,1263.230499,H2O,44.58,0.212,19,711.749
NOLSM8093026,26-02-2019 ?? 9:04:30,30,26,2,Oxidation,wet,1280.077304,H2O,44.58,0.216,23,709.301
NOLSM8103027,26-02-2019 ?? 9:04:30,30,27,2,Oxidation,wet,1279.385851,H2O,44.6,0.212,19,714.972
NOLSM811311,27-02-2019 ?? 9:04:30,31,1,2,Oxidation,wet,1276.974453,H2O,44.59,0.214,21,717.232
NOLSM812312,27-02-2019 ?? 9:04:30,31,2,2,Oxidation,wet,1267.803024,H2O,44.6,0.213,20,707.918
NOLSM813313,27-02-2019 ?? 9:04:30,31,3,2,Oxidation,wet,1276.382927,H2O,44.64,0.21,17,711.148
NOLSM814314,27-02-2019 ?? 9:04:30,31,4,2,Oxidation,wet,1274.433432,H2O,44.58,0.212,19,704.451
NOLSM815315,27-02-2019 ?? 9:04:30,31,5,2,Oxidation,wet,1268.359218,H2O,44.61,0.207,14,695.764
NOLSM816316,27-02-2019 ?? 9:04:30,31,6,3,Oxidation,wet,1278.176491,H2O,44.56,0.212,19,712.119
NOLSM817317,27-02-2019 ?? 9:04:30,31,7,3,Oxidation,wet,1276.231363,H2O,44.6,0.212,19,705.747
NOLSM818318,27-02-2019 ?? 9:04:30,31,8,3,Oxidation,wet,1268.724822,H2O,44.63,0.21,17,710.77
NOLSM819319,27-02-2019 ?? 9:04:30,31,9,3,Oxidation,wet,1280.516618,H2O,44.65,0.211,18,710.646
NOLSM8203110,27-02-2019 ?? 9:04:30,31,10,3,Oxidation,wet,1273.845898,H2O,44.62,0.21,17,713.87
NOLSM8213111,27-02-2019 ?? 9:04:30,31,11,3,Oxidation,wet,1271.441974,H2O,44.61,0.212,19,707.448
NOLSM8223112,27-02-2019 ?? 9:04:30,31,12,3,Oxidation,wet,1273.849873,H2O,44.69,0.212,19,705.854
NOLSM8233113,27-02-2019 ?? 9:04:30,31,13,1,Oxidation,wet,1270.70902,H2O,44.72,0.211,18,710.602
NOLSM8243114,27-02-2019 ?? 9:04:30,31,14,1,Oxidation,wet,1271.740548,H2O,44.79,0.214,21,703.646
NOLSM8253115,27-02-2019 ?? 9:04:30,31,15,1,Oxidation,wet,1266.660904,H2O,44.75,0.213,20,699.176
NOLSM8263116,27-02-2019 ?? 9:04:30,31,16,1,Oxidation,wet,1272.978539,H2O,44.75,0.214,21,711.691
NOLSM8273117,27-02-2019 ?? 9:04:30,31,17,1,Oxidation,wet,1271.129546,H2O,44.82,0.213,20,701.201
NOLSM8283118,27-02-2019 ?? 9:04:30,31,18,1,Oxidation,wet,1268.575074,H2O,44.9,0.214,21,712.627
NOLSM8293119,27-02-2019 ?? 9:04:30,31,19,1,Oxidation,wet,1282.30307,H2O,45.03,0.215,22,716.564
NOLSM8303120,27-02-2019 ?? 9:04:30,31,20,1,Oxidation,wet,1270.202154,H2O,44.94,0.215,22,702.181
NOLSM8313121,27-02-2019 ?? 9:04:30,31,21,2,Oxidation,wet,1272.842125,H2O,44.92,0.215,22,715.357
NOLSM8323122,27-02-2019 ?? 9:04:30,31,22,2,Oxidation,wet,1267.846723,H2O,44.84,0.217,24,703.95
NOLSM8333123,27-02-2019 ?? 9:04:30,31,23,2,Oxidation,wet,1275.752707,H2O,44.84,0.217,24,715.335
NOLSM8343124,27-02-2019 ?? 9:04:30,31,24,2,Oxidation,wet,1273.413729,H2O,44.87,0.219,26,717.937
NOLSM8353125,27-02-2019 ?? 9:04:30,31,25,2,Oxidation,wet,1273.038761,H2O,44.97,0.22,27,713.61
NOLSM8363126,27-02-2019 ?? 9:04:30,31,26,2,Oxidation,wet,1280.10712,H2O,44.98,0.218,25,720.436
NOLSM8373127,27-02-2019 ?? 9:04:30,31,27,2,Oxidation,wet,1270.900465,H2O,44.8,0.219,26,711.993
NOLSM838321,28-02-2019 ?? 9:04:30,32,1,2,Oxidation,wet,1275.889228,H2O,44.85,0.215,22,717.559
NOLSM839322,28-02-2019 ?? 9:04:30,32,2,2,Oxidation,wet,1273.139166,H2O,44.98,0.218,25,723.533
NOLSM840323,28-02-2019 ?? 9:04:30,32,3,3,Oxidation,wet,1279.045765,H2O,45.14,0.219,26,720.668
NOLSM841324,28-02-2019 ?? 9:04:30,32,4,3,Oxidation,wet,1275.605504,H2O,45.07,0.219,26,722.091
NOLSM842325,28-02-2019 ?? 9:04:30,32,5,3,Oxidation,wet,1274.027776,H2O,45.1,0.22,27,720.444
NOLSM843326,28-02-2019 ?? 9:04:30,32,6,3,Oxidation,wet,1269.454003,H2O,44.96,0.217,24,706.242
NOLSM844327,28-02-2019 ?? 9:04:30,32,7,3,Oxidation,wet,1273.698908,H2O,44.9,0.216,23,712.373
NOLSM845328,28-02-2019 ?? 9:04:30,32,8,3,Oxidation,wet,1272.216734,H2O,45.16,0.214,21,710.456
NOLSM846329,28-02-2019 ?? 9:04:30,32,9,3,Oxidation,wet,1280.687973,H2O,45.19,0.214,21,708.586
NOLSM8473210,28-02-2019 ?? 9:04:30,32,10,3,Oxidation,wet,1275.153349,H2O,45.08,0.215,22,712.936
NOLSM8483211,28-02-2019 ?? 9:04:30,32,11,3,Oxidation,wet,1275.182502,H2O,45.1,0.214,21,715.498
NOLSM8493212,28-02-2019 ?? 9:04:30,32,12,1,Oxidation,wet,1268.105427,H2O,45.07,0.215,22,707.179
NOLSM8503213,28-02-2019 ?? 9:04:30,32,13,1,Oxidation,wet,1279.160563,H2O,45.12,0.214,21,712.946
NOLSM8513214,28-02-2019 ?? 9:04:30,32,14,1,Oxidation,wet,1272.804948,H2O,45.34,0.213,20,711.987
NOLSM8523215,28-02-2019 ?? 9:04:30,32,15,1,Oxidation,wet,1278.097085,H2O,45.26,0.215,22,716.238
