No_Die,Datetime,Lot_Num,Wafer_Num,lithography_Chamber,Line_CD,Lamp,UV_type,Wavelength,Resolution,Energy_Exposure
NOLSM111,17-02-2019 ?? 9:04:30,1,1,1,30.959,Hg-Arc,H,365,516.657,109.769
NOLSM212,17-02-2019 ?? 9:04:30,1,2,2,29.653,Hg-Arc,H,405,501.894,107.102
NOLSM313,17-02-2019 ?? 9:04:30,1,3,3,28.063,Hg-Arc,I,436,506.75,110.471
NOLSM414,17-02-2019 ?? 9:04:30,1,4,1,31.556,Hg-Arc,I,436,537.603,107.072
NOLSM515,17-02-2019 ?? 9:04:30,1,5,2,31.969,Hg-Arc,I,436,560.574,108.073
NOLSM616,17-02-2019 ?? 9:04:30,1,6,3,51.096,Hg-Arc,H,405,500.892,106.951
NOLSM717,17-02-2019 ?? 9:04:30,1,7,2,24.552,Hg-Arc,I,436,516.947,108.505
NOLSM818,17-02-2019 ?? 9:04:30,1,8,3,33.839,Hg-Arc,G,436,492.095,106.183
NOLSM919,17-02-2019 ?? 9:04:30,1,9,1,61.905,Hg-Arc,H,405,506.182,108.96
NOLSM10110,17-02-2019 ?? 9:04:30,1,10,2,41.35,Hg-Arc,H,405,499.553,109.605
NOLSM11111,17-02-2019 ?? 9:04:30,1,11,3,54.613,Hg-Arc,G,405,525.22,107.543
NOLSM12112,17-02-2019 ?? 9:04:30,1,12,1,31.272,Hg-Arc,G,436,488.636,111.101
NOLSM13113,17-02-2019 ?? 9:04:30,1,13,2,23.663,Hg-Arc,H,436,478.444,107.19
NOLSM14114,17-02-2019 ?? 9:04:30,1,14,3,27.333,Hg-Arc,G,365,516.803,110.24
NOLSM15115,17-02-2019 ?? 9:04:30,1,15,1,16.467,Hg-Arc,H,405,529.182,109.976
NOLSM16116,17-02-2019 ?? 9:04:30,1,16,2,43.554,Hg-Arc,H,405,472.687,110.358
NOLSM17117,17-02-2019 ?? 9:04:30,1,17,3,41.893,Hg-Arc,I,365,561.777,107.42
NOLSM18118,17-02-2019 ?? 9:04:30,1,18,1,30.437,Hg-Arc,I,365,523.658,108.685
NOLSM19119,17-02-2019 ?? 9:04:30,1,19,2,61.431,Hg-Arc,H,365,514.519,106.424
NOLSM20120,17-02-2019 ?? 9:04:30,1,20,3,47.652,Hg-Arc,H,436,534.147,109.963
NOLSM21121,17-02-2019 ?? 9:04:30,1,21,1,28.492,Hg-Arc,I,436,499.558,109.557
NOLSM22122,17-02-2019 ?? 9:04:30,1,22,2,38.292,Hg-Arc,G,436,537.389,107.999
NOLSM23123,17-02-2019 ?? 9:04:30,1,23,3,52.821,Hg-Arc,I,365,532.275,109.351
NOLSM24124,17-02-2019 ?? 9:04:30,1,24,1,37.522,Hg-Arc,H,436,514.823,108.116
NOLSM25125,17-02-2019 ?? 9:04:30,1,25,2,27.664,Hg-Arc,G,405,494.166,111.283
NOLSM26126,17-02-2019 ?? 9:04:30,1,26,3,49.36,Hg-Arc,G,436,533.105,106.293
NOLSM27127,17-02-2019 ?? 9:04:30,1,27,1,40.752,Hg-Arc,G,405,518.976,109.532
NOLSM2821,18-02-2019 ?? 9:04:30,2,1,2,43.579,Hg-Arc,H,405,472.853,106.798
NOLSM2922,18-02-2019 ?? 9:04:30,2,2,3,44.797,Hg-Arc,G,405,534.455,109.373
NOLSM3023,18-02-2019 ?? 9:04:30,2,3,1,42.474,Hg-Arc,G,365,541.607,107.068
NOLSM3124,18-02-2019 ?? 9:04:30,2,4,3,46.074,Hg-Arc,H,436,542.378,107.179
NOLSM3225,18-02-2019 ?? 9:04:30,2,5,1,63.17,Hg-Arc,H,436,510.897,108.38
NOLSM3326,18-02-2019 ?? 9:04:30,2,6,3,34.847,Hg-Arc,H,365,518.154,106.26
NOLSM3427,18-02-2019 ?? 9:04:30,2,7,1,34.181,Hg-Arc,H,436,541.412,111.001
NOLSM3528,18-02-2019 ?? 9:04:30,2,8,2,24.236,Hg-Arc,G,365,520.185,107.77
NOLSM3629,18-02-2019 ?? 9:04:30,2,9,3,64.634,Hg-Arc,I,436,495.864,108.077
NOLSM37210,18-02-2019 ?? 9:04:30,2,10,1,34.175,Hg-Arc,G,436,546.682,108.891
NOLSM38211,18-02-2019 ?? 9:04:30,2,11,2,43.434,Hg-Arc,G,405,501.061,106.848
NOLSM39212,18-02-2019 ?? 9:04:30,2,12,3,43.808,Hg-Arc,H,365,539.401,108.757
NOLSM40213,18-02-2019 ?? 9:04:30,2,13,1,50.402,Hg-Arc,H,365,503.268,107.918
NOLSM41214,18-02-2019 ?? 9:04:30,2,14,2,59.605,Hg-Arc,G,436,550.733,107.356
NOLSM42215,18-02-2019 ?? 9:04:30,2,15,3,50.867,Hg-Arc,G,365,509.452,107.074
NOLSM43216,18-02-2019 ?? 9:04:30,2,16,1,30.188,Hg-Arc,I,365,536.552,109.892
NOLSM44217,18-02-2019 ?? 9:04:30,2,17,2,51.146,Hg-Arc,G,436,516.135,108.357
NOLSM45218,18-02-2019 ?? 9:04:30,2,18,3,51.079,Hg-Arc,G,365,540.772,108.067
NOLSM46219,18-02-2019 ?? 9:04:30,2,19,1,34.118,Hg-Arc,G,365,556.889,107.878
NOLSM47220,18-02-2019 ?? 9:04:30,2,20,2,29.099,Hg-Arc,G,405,533.306,108.546
NOLSM48221,18-02-2019 ?? 9:04:30,2,21,3,58.236,Hg-Arc,H,436,518.361,109.099
NOLSM49222,18-02-2019 ?? 9:04:30,2,22,1,50.242,Hg-Arc,H,405,511.164,107.421
NOLSM50223,18-02-2019 ?? 9:04:30,2,23,2,48.317,Hg-Arc,G,405,534.801,108.139
NOLSM51224,18-02-2019 ?? 9:04:30,2,24,3,47.379,Hg-Arc,I,365,500.101,108.25
NOLSM52225,18-02-2019 ?? 9:04:30,2,25,1,49.091,Hg-Arc,G,365,511.047,109.34
NOLSM53226,18-02-2019 ?? 9:04:30,2,26,2,41.355,Hg-Arc,I,365,522.118,108.789
NOLSM54227,18-02-2019 ?? 9:04:30,2,27,3,46.285,Hg-Arc,G,436,499.689,107.465
NOLSM5531,19-02-2019 ?? 9:04:30,3,1,1,50.959,Hg-Arc,G,436,472.77,106.535
NOLSM5632,19-02-2019 ?? 9:04:30,3,2,2,19.489,Hg-Arc,I,436,482.452,105.898
NOLSM5733,19-02-2019 ?? 9:04:30,3,3,3,37.595,Hg-Arc,H,436,543.115,109.933
NOLSM5834,19-02-2019 ?? 9:04:30,3,4,2,57.632,Hg-Arc,H,405,512.14,109.163
NOLSM5935,19-02-2019 ?? 9:04:30,3,5,3,32.502,Hg-Arc,I,365,543.874,108.191
NOLSM6036,19-02-2019 ?? 9:04:30,3,6,1,35.409,Hg-Arc,G,365,524.282,107.729
NOLSM6137,19-02-2019 ?? 9:04:30,3,7,2,34.851,Hg-Arc,G,405,508.594,106.532
NOLSM6238,19-02-2019 ?? 9:04:30,3,8,3,61.732,Hg-Arc,H,405,524.493,108.888
NOLSM6339,19-02-2019 ?? 9:04:30,3,9,2,35.644,Hg-Arc,H,365,514.515,107.198
NOLSM64310,19-02-2019 ?? 9:04:30,3,10,3,54.002,Hg-Arc,G,436,510.573,106.878
NOLSM65311,19-02-2019 ?? 9:04:30,3,11,1,63.039,Hg-Arc,G,365,520.438,110.255
NOLSM66312,19-02-2019 ?? 9:04:30,3,12,2,32.483,Hg-Arc,H,365,510.172,107.626
NOLSM67313,19-02-2019 ?? 9:04:30,3,13,3,53.019,Hg-Arc,H,405,461.128,108.465
NOLSM68314,19-02-2019 ?? 9:04:30,3,14,1,42.139,Hg-Arc,H,365,508.149,109.544
NOLSM69315,19-02-2019 ?? 9:04:30,3,15,3,26.621,Hg-Arc,G,365,524.401,107.535
NOLSM70316,19-02-2019 ?? 9:04:30,3,16,1,45.388,Hg-Arc,I,365,499.581,108.73
NOLSM71317,19-02-2019 ?? 9:04:30,3,17,2,33.597,Hg-Arc,H,365,527.63,108.659
NOLSM72318,19-02-2019 ?? 9:04:30,3,18,3,48.717,Hg-Arc,I,365,545.807,108.75
NOLSM73319,19-02-2019 ?? 9:04:30,3,19,1,36.431,Hg-Arc,G,405,549.985,110.406
NOLSM74320,19-02-2019 ?? 9:04:30,3,20,3,52.151,Hg-Arc,G,436,496.8,109.647
NOLSM75321,19-02-2019 ?? 9:04:30,3,21,1,48.202,Hg-Arc,G,365,496.772,105.679
NOLSM76322,19-02-2019 ?? 9:04:30,3,22,3,63.105,Hg-Arc,I,405,511.754,106.842
NOLSM77323,19-02-2019 ?? 9:04:30,3,23,1,54.202,Hg-Arc,I,436,517.116,109.774
NOLSM78324,19-02-2019 ?? 9:04:30,3,24,2,44.627,Hg-Arc,G,436,504.57,110.116
NOLSM79325,19-02-2019 ?? 9:04:30,3,25,3,53.589,Hg-Arc,H,436,493.32,110.347
NOLSM80326,19-02-2019 ?? 9:04:30,3,26,1,38.084,Hg-Arc,H,436,551.658,109.48
NOLSM81327,19-02-2019 ?? 9:04:30,3,27,2,37.861,Hg-Arc,H,405,496.671,108.417
NOLSM8241,20-02-2019 ?? 9:04:30,4,1,3,53.342,Hg-Arc,H,405,505.765,110.496
NOLSM8342,20-02-2019 ?? 9:04:30,4,2,1,31.877,Hg-Arc,H,436,561.132,106.356
NOLSM8443,20-02-2019 ?? 9:04:30,4,3,2,34.537,Hg-Arc,G,436,498.878,107.259
NOLSM8544,20-02-2019 ?? 9:04:30,4,4,3,40.392,Hg-Arc,H,436,530.042,107.832
NOLSM8645,20-02-2019 ?? 9:04:30,4,5,1,55.102,Hg-Arc,H,365,523.904,104.924
NOLSM8746,20-02-2019 ?? 9:04:30,4,6,2,42.673,Hg-Arc,H,436,519.77,108.385
NOLSM8847,20-02-2019 ?? 9:04:30,4,7,3,39.994,Hg-Arc,I,436,573.108,107.338
NOLSM8948,20-02-2019 ?? 9:04:30,4,8,2,53.953,Hg-Arc,G,405,510.206,106.294
NOLSM9049,20-02-2019 ?? 9:04:30,4,9,3,39.513,Hg-Arc,H,405,528.284,110.137
NOLSM91410,20-02-2019 ?? 9:04:30,4,10,1,60.292,Hg-Arc,H,436,499.72,105.615
NOLSM92411,20-02-2019 ?? 9:04:30,4,11,2,39.894,Hg-Arc,G,365,478.819,109.143
NOLSM93412,20-02-2019 ?? 9:04:30,4,12,3,46.067,Hg-Arc,I,436,493.601,107.349
NOLSM94413,20-02-2019 ?? 9:04:30,4,13,1,39.017,Hg-Arc,H,365,502.903,106.812
NOLSM95414,20-02-2019 ?? 9:04:30,4,14,2,53.58,Hg-Arc,H,405,536.199,105.884
NOLSM96415,20-02-2019 ?? 9:04:30,4,15,3,22.465,Hg-Arc,H,436,489.102,110.385
NOLSM97416,20-02-2019 ?? 9:04:30,4,16,1,57.174,Hg-Arc,I,436,538.272,107.553
NOLSM98417,20-02-2019 ?? 9:04:30,4,17,3,31.144,Hg-Arc,G,365,491.954,108.461
NOLSM99418,20-02-2019 ?? 9:04:30,4,18,1,53.63,Hg-Arc,H,436,489.477,106.659
NOLSM100419,20-02-2019 ?? 9:04:30,4,19,2,38.097,Hg-Arc,H,405,507.892,108.504
NOLSM101420,20-02-2019 ?? 9:04:30,4,20,3,35.821,Hg-Arc,G,405,506.668,109.795
NOLSM102421,20-02-2019 ?? 9:04:30,4,21,1,49.151,Hg-Arc,I,405,519.983,106.731
NOLSM103422,20-02-2019 ?? 9:04:30,4,22,2,35.215,Hg-Arc,H,436,538.703,109.041
NOLSM104423,20-02-2019 ?? 9:04:30,4,23,3,48.353,Hg-Arc,G,365,545.009,109.881
NOLSM105424,20-02-2019 ?? 9:04:30,4,24,2,41.355,Hg-Arc,G,365,510.479,105.87
NOLSM106425,20-02-2019 ?? 9:04:30,4,25,3,40.31,Hg-Arc,G,365,520.21,107.258
NOLSM107426,20-02-2019 ?? 9:04:30,4,26,1,37.515,Hg-Arc,I,365,492.446,108.763
NOLSM108427,20-02-2019 ?? 9:04:30,4,27,2,46.075,Hg-Arc,G,436,494.534,109.104
NOLSM10951,21-02-2019 ?? 9:04:30,5,1,3,23.208,Hg-Arc,G,365,518.141,111.269
NOLSM11052,21-02-2019 ?? 9:04:30,5,2,2,54.338,Hg-Arc,I,365,503.62,109.516
NOLSM11153,21-02-2019 ?? 9:04:30,5,3,3,21.793,Hg-Arc,I,436,577.168,108.003
NOLSM11254,21-02-2019 ?? 9:04:30,5,4,1,44.624,Hg-Arc,G,405,533.649,107.582
NOLSM11355,21-02-2019 ?? 9:04:30,5,5,2,47.453,Hg-Arc,H,405,518.448,107.283
NOLSM11456,21-02-2019 ?? 9:04:30,5,6,3,27.299,Hg-Arc,I,365,520.567,106.797
NOLSM11557,21-02-2019 ?? 9:04:30,5,7,1,33.684,Hg-Arc,I,405,500.336,108.757
NOLSM11658,21-02-2019 ?? 9:04:30,5,8,2,54.952,Hg-Arc,I,436,489.645,107.222
NOLSM11759,21-02-2019 ?? 9:04:30,5,9,3,56.691,Hg-Arc,H,436,498.478,109.438
NOLSM118510,21-02-2019 ?? 9:04:30,5,10,1,40.55,Hg-Arc,G,436,548.142,108.609
NOLSM119511,21-02-2019 ?? 9:04:30,5,11,2,63.703,Hg-Arc,I,436,508.108,108.03
NOLSM120512,21-02-2019 ?? 9:04:30,5,12,3,45.908,Hg-Arc,I,365,495.644,110.294
NOLSM121513,21-02-2019 ?? 9:04:30,5,13,1,32.526,Hg-Arc,H,405,513.586,104.707
NOLSM122514,21-02-2019 ?? 9:04:30,5,14,2,28.975,Hg-Arc,G,365,528.057,108.473
NOLSM123515,21-02-2019 ?? 9:04:30,5,15,3,30.132,Hg-Arc,I,436,505.191,108.774
NOLSM124516,21-02-2019 ?? 9:04:30,5,16,1,47.893,Hg-Arc,H,436,513.879,106.167
NOLSM125517,21-02-2019 ?? 9:04:30,5,17,2,53.539,Hg-Arc,I,436,541.012,107.664
NOLSM126518,21-02-2019 ?? 9:04:30,5,18,3,49.319,Hg-Arc,I,436,502.299,107.25
NOLSM127519,21-02-2019 ?? 9:04:30,5,19,1,56.109,Hg-Arc,I,365,496.44,108.236
NOLSM128520,21-02-2019 ?? 9:04:30,5,20,2,14.844,Hg-Arc,H,365,523.143,105.975
NOLSM129521,21-02-2019 ?? 9:04:30,5,21,3,45.605,Hg-Arc,I,436,535.391,108.121
NOLSM130522,21-02-2019 ?? 9:04:30,5,22,1,29.622,Hg-Arc,H,436,582.878,109.443
NOLSM131523,21-02-2019 ?? 9:04:30,5,23,2,23.274,Hg-Arc,H,405,526.716,105.333
NOLSM132524,21-02-2019 ?? 9:04:30,5,24,3,46.035,Hg-Arc,G,365,492.66,109.224
NOLSM133525,21-02-2019 ?? 9:04:30,5,25,1,41.096,Hg-Arc,H,436,523.452,106.604
NOLSM134526,21-02-2019 ?? 9:04:30,5,26,2,33.021,Hg-Arc,I,436,514.377,108.223
NOLSM135527,21-02-2019 ?? 9:04:30,5,27,3,30.746,Hg-Arc,G,365,522.227,106.178
NOLSM13661,22-02-2019 ?? 9:04:30,6,1,1,51.045,Hg-Arc,I,365,536.793,107.575
NOLSM13762,22-02-2019 ?? 9:04:30,6,2,2,59.607,Hg-Arc,H,365,495.138,107.421
NOLSM13863,22-02-2019 ?? 9:04:30,6,3,3,37.382,Hg-Arc,I,436,492.349,106.902
NOLSM13964,22-02-2019 ?? 9:04:30,6,4,1,35.856,Hg-Arc,I,365,549.509,108.781
NOLSM14065,22-02-2019 ?? 9:04:30,6,5,2,40.635,Hg-Arc,G,436,507.58,104.691
NOLSM14166,22-02-2019 ?? 9:04:30,6,6,3,48.011,Hg-Arc,G,365,517.508,107.628
NOLSM14267,22-02-2019 ?? 9:04:30,6,7,1,57.117,Hg-Arc,G,405,521.413,108.063
NOLSM14368,22-02-2019 ?? 9:04:30,6,8,2,39.188,Hg-Arc,I,405,522.262,107.057
NOLSM14469,22-02-2019 ?? 9:04:30,6,9,3,45.88,Hg-Arc,G,436,483.277,108.275
NOLSM145610,22-02-2019 ?? 9:04:30,6,10,1,51.169,Hg-Arc,H,436,530.076,110.154
NOLSM146611,22-02-2019 ?? 9:04:30,6,11,2,46.793,Hg-Arc,G,436,528.894,104.87
NOLSM147612,22-02-2019 ?? 9:04:30,6,12,3,50.69,Hg-Arc,H,436,454.442,107.687
NOLSM148613,22-02-2019 ?? 9:04:30,6,13,1,6.197,Hg-Arc,H,405,490.508,109.468
NOLSM149614,22-02-2019 ?? 9:04:30,6,14,2,53.823,Hg-Arc,G,365,528.768,110.415
NOLSM150615,22-02-2019 ?? 9:04:30,6,15,3,45.692,Hg-Arc,I,436,509.816,108.946
NOLSM151616,22-02-2019 ?? 9:04:30,6,16,1,37.213,Hg-Arc,G,405,509.415,107.561
NOLSM152617,22-02-2019 ?? 9:04:30,6,17,2,47.187,Hg-Arc,H,365,516.877,109.055
NOLSM153618,22-02-2019 ?? 9:04:30,6,18,3,33.933,Hg-Arc,G,405,537.942,109.296
NOLSM154619,22-02-2019 ?? 9:04:30,6,19,1,31.45,Hg-Arc,G,436,528.79,107.562
NOLSM155620,22-02-2019 ?? 9:04:30,6,20,2,33.772,Hg-Arc,G,436,524.495,109.621
NOLSM156621,22-02-2019 ?? 9:04:30,6,21,3,33.146,Hg-Arc,H,436,554.141,106.551
NOLSM157622,22-02-2019 ?? 9:04:30,6,22,2,47.645,Hg-Arc,H,405,505.045,107.389
NOLSM158623,22-02-2019 ?? 9:04:30,6,23,3,56.532,Hg-Arc,G,365,511.826,108.456
NOLSM159624,22-02-2019 ?? 9:04:30,6,24,1,68.056,Hg-Arc,G,405,500.912,107.193
NOLSM160625,22-02-2019 ?? 9:04:30,6,25,2,43.378,Hg-Arc,H,365,542.537,108.586
NOLSM161626,22-02-2019 ?? 9:04:30,6,26,3,26.238,Hg-Arc,H,365,526.796,109.346
NOLSM162627,22-02-2019 ?? 9:04:30,6,27,1,55.854,Hg-Arc,H,365,517.972,107.295
NOLSM16371,23-02-2019 ?? 9:04:30,7,1,2,36.797,Hg-Arc,H,405,517.864,105.323
NOLSM16472,23-02-2019 ?? 9:04:30,7,2,3,51.17,Hg-Arc,I,436,483.867,106.947
NOLSM16573,23-02-2019 ?? 9:04:30,7,3,1,41.177,Hg-Arc,G,405,516.912,106.861
NOLSM16674,23-02-2019 ?? 9:04:30,7,4,2,35.781,Hg-Arc,H,365,489.751,105.888
NOLSM16775,23-02-2019 ?? 9:04:30,7,5,3,41.965,Hg-Arc,H,365,523.853,105.717
NOLSM16876,23-02-2019 ?? 9:04:30,7,6,1,35.574,Hg-Arc,H,365,490.915,109.575
NOLSM16977,23-02-2019 ?? 9:04:30,7,7,2,32.462,Hg-Arc,I,365,547.14,109.492
NOLSM17078,23-02-2019 ?? 9:04:30,7,8,3,56.549,Hg-Arc,H,405,541.991,107.625
NOLSM17179,23-02-2019 ?? 9:04:30,7,9,1,42.664,Hg-Arc,I,405,483.197,111.116
NOLSM172710,23-02-2019 ?? 9:04:30,7,10,2,46.774,Hg-Arc,H,405,529.58,107.433
NOLSM173711,23-02-2019 ?? 9:04:30,7,11,1,33.609,Hg-Arc,H,365,500.199,107.786
NOLSM174712,23-02-2019 ?? 9:04:30,7,12,2,39.549,Hg-Arc,I,405,504.607,108.511
NOLSM175713,23-02-2019 ?? 9:04:30,7,13,3,36.083,Hg-Arc,I,436,481.768,106.239
NOLSM176714,23-02-2019 ?? 9:04:30,7,14,1,44.608,Hg-Arc,H,436,533.321,107.513
NOLSM177715,23-02-2019 ?? 9:04:30,7,15,3,42.265,Hg-Arc,G,365,513.857,106.96
NOLSM178716,23-02-2019 ?? 9:04:30,7,16,1,58.485,Hg-Arc,H,365,490.119,107.934
NOLSM179717,23-02-2019 ?? 9:04:30,7,17,3,40.862,Hg-Arc,I,405,512.337,109.647
NOLSM180718,23-02-2019 ?? 9:04:30,7,18,1,12.635,Hg-Arc,G,405,507.826,103.407
NOLSM181719,23-02-2019 ?? 9:04:30,7,19,2,39.491,Hg-Arc,I,405,498.218,107.116
NOLSM182720,23-02-2019 ?? 9:04:30,7,20,3,40.003,Hg-Arc,H,405,486.925,108.228
NOLSM183721,23-02-2019 ?? 9:04:30,7,21,1,48.496,Hg-Arc,G,405,478.867,108.068
NOLSM184722,23-02-2019 ?? 9:04:30,7,22,2,60.983,Hg-Arc,I,436,524.896,108.843
NOLSM185723,23-02-2019 ?? 9:04:30,7,23,3,46.862,Hg-Arc,I,365,504.806,108.156
NOLSM186724,23-02-2019 ?? 9:04:30,7,24,1,41.583,Hg-Arc,I,436,548.78,107.644
NOLSM187725,23-02-2019 ?? 9:04:30,7,25,2,38.5,Hg-Arc,H,365,512.505,107.739
NOLSM188726,23-02-2019 ?? 9:04:30,7,26,3,34.302,Hg-Arc,I,405,539.554,106.868
NOLSM189727,23-02-2019 ?? 9:04:30,7,27,1,42.127,Hg-Arc,I,436,494.199,109.12
NOLSM19081,24-02-2019 ?? 9:04:30,8,1,2,47.002,Hg-Arc,G,436,561.787,107.763
NOLSM19182,24-02-2019 ?? 9:04:30,8,2,3,33.488,Hg-Arc,I,436,517.433,109.42
NOLSM19283,24-02-2019 ?? 9:04:30,8,3,1,41.141,Hg-Arc,I,436,501.93,106.093
NOLSM19384,24-02-2019 ?? 9:04:30,8,4,2,17.674,Hg-Arc,H,365,496.14,107.139
NOLSM19485,24-02-2019 ?? 9:04:30,8,5,3,32.638,Hg-Arc,H,365,502.919,107.975
NOLSM19586,24-02-2019 ?? 9:04:30,8,6,1,38.117,Hg-Arc,H,405,515.126,108.196
NOLSM19687,24-02-2019 ?? 9:04:30,8,7,2,51.562,Hg-Arc,I,405,493.986,110.285
NOLSM19788,24-02-2019 ?? 9:04:30,8,8,3,62.295,Hg-Arc,I,365,516.22,108.112
NOLSM19889,24-02-2019 ?? 9:04:30,8,9,1,25.349,Hg-Arc,G,436,501.722,109.607
NOLSM199810,24-02-2019 ?? 9:04:30,8,10,2,41.313,Hg-Arc,H,365,523.504,104.712
NOLSM200811,24-02-2019 ?? 9:04:30,8,11,3,44.48,Hg-Arc,H,436,534.419,109.304
NOLSM201812,24-02-2019 ?? 9:04:30,8,12,1,54.595,Hg-Arc,G,436,540.067,106.494
NOLSM202813,24-02-2019 ?? 9:04:30,8,13,2,38.862,Hg-Arc,G,365,547.004,107.442
NOLSM203814,24-02-2019 ?? 9:04:30,8,14,3,50.672,Hg-Arc,I,365,517.648,107.582
NOLSM204815,24-02-2019 ?? 9:04:30,8,15,1,40.704,Hg-Arc,G,365,521.522,108.033
NOLSM205816,24-02-2019 ?? 9:04:30,8,16,3,54.497,Hg-Arc,H,365,524.248,107.738
NOLSM206817,24-02-2019 ?? 9:04:30,8,17,1,44.973,Hg-Arc,G,436,536.493,108.19
NOLSM207818,24-02-2019 ?? 9:04:30,8,18,2,46.204,Hg-Arc,I,405,518.728,105.775
NOLSM208819,24-02-2019 ?? 9:04:30,8,19,3,36.332,Hg-Arc,G,436,509.585,107.265
NOLSM209820,24-02-2019 ?? 9:04:30,8,20,1,35.481,Hg-Arc,G,405,509.365,106.466
NOLSM210821,24-02-2019 ?? 9:04:30,8,21,3,35.155,Hg-Arc,I,405,462.733,107.413
NOLSM211822,24-02-2019 ?? 9:04:30,8,22,1,52.371,Hg-Arc,H,436,508.484,110.106
NOLSM212823,24-02-2019 ?? 9:04:30,8,23,2,56.286,Hg-Arc,H,365,512.801,107.542
NOLSM213824,24-02-2019 ?? 9:04:30,8,24,3,46.062,Hg-Arc,G,436,526.065,108.374
NOLSM214825,24-02-2019 ?? 9:04:30,8,25,1,57.38,Hg-Arc,H,405,566.582,107.714
NOLSM215826,24-02-2019 ?? 9:04:30,8,26,2,55.931,Hg-Arc,H,365,517.039,109.633
NOLSM216827,24-02-2019 ?? 9:04:30,8,27,3,45.616,Hg-Arc,G,365,532.286,110.366
NOLSM21791,25-02-2019 ?? 9:04:30,9,1,1,36.677,Hg-Arc,H,365,516.539,108.451
NOLSM21892,25-02-2019 ?? 9:04:30,9,2,2,38.872,Hg-Arc,H,365,514.981,108.11
NOLSM21993,25-02-2019 ?? 9:04:30,9,3,3,37.774,Hg-Arc,I,365,531.362,107.916
NOLSM22094,25-02-2019 ?? 9:04:30,9,4,1,32.526,Hg-Arc,G,436,505.873,106.326
NOLSM22195,25-02-2019 ?? 9:04:30,9,5,2,44.015,Hg-Arc,G,365,522.623,108.139
NOLSM22296,25-02-2019 ?? 9:04:30,9,6,3,53.602,Hg-Arc,G,365,515.357,109.81
NOLSM22397,25-02-2019 ?? 9:04:30,9,7,1,27.048,Hg-Arc,G,436,473.289,109.915
NOLSM22498,25-02-2019 ?? 9:04:30,9,8,3,39.324,Hg-Arc,G,405,521.735,106.117
NOLSM22599,25-02-2019 ?? 9:04:30,9,9,1,39.92,Hg-Arc,H,436,551.343,108.192
NOLSM226910,25-02-2019 ?? 9:04:30,9,10,2,42.219,Hg-Arc,I,405,567.679,108.401
NOLSM227911,25-02-2019 ?? 9:04:30,9,11,3,42.606,Hg-Arc,H,405,539.304,106.154
NOLSM228912,25-02-2019 ?? 9:04:30,9,12,1,52.749,Hg-Arc,I,405,527.721,108.309
NOLSM229913,25-02-2019 ?? 9:04:30,9,13,2,43.085,Hg-Arc,G,405,543.492,110.247
NOLSM230914,25-02-2019 ?? 9:04:30,9,14,3,41.051,Hg-Arc,I,405,526.931,108.188
NOLSM231915,25-02-2019 ?? 9:04:30,9,15,1,8.101,Hg-Arc,G,365,518.953,104.841
NOLSM232916,25-02-2019 ?? 9:04:30,9,16,2,37.621,Hg-Arc,I,405,506.438,108.554
NOLSM233917,25-02-2019 ?? 9:04:30,9,17,3,29.674,Hg-Arc,I,436,522.334,110.295
NOLSM234918,25-02-2019 ?? 9:04:30,9,18,1,23.908,Hg-Arc,I,436,559.406,105.773
NOLSM235919,25-02-2019 ?? 9:04:30,9,19,2,45.092,Hg-Arc,G,436,536.702,108.011
NOLSM236920,25-02-2019 ?? 9:04:30,9,20,3,47.213,Hg-Arc,I,365,505.439,106.893
NOLSM237921,25-02-2019 ?? 9:04:30,9,21,1,34.189,Hg-Arc,H,436,539.84,108.305
NOLSM238922,25-02-2019 ?? 9:04:30,9,22,2,29.479,Hg-Arc,I,436,514.096,108.048
NOLSM239923,25-02-2019 ?? 9:04:30,9,23,3,41.357,Hg-Arc,G,365,491.845,106.955
NOLSM240924,25-02-2019 ?? 9:04:30,9,24,2,33.765,Hg-Arc,G,405,497.538,106.38
NOLSM241925,25-02-2019 ?? 9:04:30,9,25,3,30.109,Hg-Arc,G,405,521.898,108.368
NOLSM242926,25-02-2019 ?? 9:04:30,9,26,1,76.265,Hg-Arc,H,405,495.546,109.119
NOLSM243927,25-02-2019 ?? 9:04:30,9,27,2,35.639,Hg-Arc,G,405,522.312,105.299
NOLSM244101,26-02-2019 ?? 9:04:30,10,1,3,26.432,Hg-Arc,I,436,509.749,107.158
NOLSM245102,26-02-2019 ?? 9:04:30,10,2,1,54.979,Hg-Arc,H,405,522.991,105.169
NOLSM246103,26-02-2019 ?? 9:04:30,10,3,2,55.422,Hg-Arc,I,436,508.516,108.184
NOLSM247104,26-02-2019 ?? 9:04:30,10,4,3,29.244,Hg-Arc,G,405,547.841,108.25
NOLSM248105,26-02-2019 ?? 9:04:30,10,5,1,50.394,Hg-Arc,I,405,547.035,107.931
NOLSM249106,26-02-2019 ?? 9:04:30,10,6,3,51.27,Hg-Arc,G,405,520.716,110.015
NOLSM250107,26-02-2019 ?? 9:04:30,10,7,1,51.851,Hg-Arc,H,365,541.92,108.137
NOLSM251108,26-02-2019 ?? 9:04:30,10,8,2,38.047,Hg-Arc,G,436,463.791,109.986
NOLSM252109,26-02-2019 ?? 9:04:30,10,9,3,37.215,Hg-Arc,I,405,487.721,107.267
NOLSM2531010,26-02-2019 ?? 9:04:30,10,10,1,51.577,Hg-Arc,G,365,479.551,108.604
NOLSM2541011,26-02-2019 ?? 9:04:30,10,11,3,27.992,Hg-Arc,G,365,512.787,106.226
NOLSM2551012,26-02-2019 ?? 9:04:30,10,12,2,36.035,Hg-Arc,I,436,506.585,108.335
NOLSM2561013,26-02-2019 ?? 9:04:30,10,13,3,31.509,Hg-Arc,G,365,536.321,107.524
NOLSM2571014,26-02-2019 ?? 9:04:30,10,14,1,28.607,Hg-Arc,H,436,527.475,109.189
NOLSM2581015,26-02-2019 ?? 9:04:30,10,15,2,73.546,Hg-Arc,G,436,543.897,106.833
NOLSM2591016,26-02-2019 ?? 9:04:30,10,16,3,32.665,Hg-Arc,G,436,499.615,108.84
NOLSM2601017,26-02-2019 ?? 9:04:30,10,17,1,41.314,Hg-Arc,H,405,515.713,107.707
NOLSM2611018,26-02-2019 ?? 9:04:30,10,18,2,42.035,Hg-Arc,I,436,546.76,106.076
NOLSM2621019,26-02-2019 ?? 9:04:30,10,19,3,49.29,Hg-Arc,I,436,509.17,106.669
NOLSM2631020,26-02-2019 ?? 9:04:30,10,20,1,42.863,Hg-Arc,G,436,549.22,108.891
NOLSM2641021,26-02-2019 ?? 9:04:30,10,21,2,35.661,Hg-Arc,H,405,541.521,107.139
NOLSM2651022,26-02-2019 ?? 9:04:30,10,22,3,47.221,Hg-Arc,I,436,488.418,108.545
NOLSM2661023,26-02-2019 ?? 9:04:30,10,23,1,27.843,Hg-Arc,I,436,509.296,105.783
NOLSM2671024,26-02-2019 ?? 9:04:30,10,24,2,49.763,Hg-Arc,G,436,483.359,108.489
NOLSM2681025,26-02-2019 ?? 9:04:30,10,25,3,53.987,Hg-Arc,H,365,467.615,107.491
NOLSM2691026,26-02-2019 ?? 9:04:30,10,26,1,44.442,Hg-Arc,H,436,522.505,108.651
NOLSM2701027,26-02-2019 ?? 9:04:30,10,27,2,37.182,Hg-Arc,I,405,506.664,106.635
NOLSM271111,27-02-2019 ?? 9:04:30,11,1,3,53.526,Hg-Arc,I,365,542.894,107.902
NOLSM272112,27-02-2019 ?? 9:04:30,11,2,1,48.212,Hg-Arc,I,405,508.51,105.12
NOLSM273113,27-02-2019 ?? 9:04:30,11,3,2,46.978,Hg-Arc,G,365,506.444,108.97
NOLSM274114,27-02-2019 ?? 9:04:30,11,4,3,42.556,Hg-Arc,H,436,508.79,109.151
NOLSM275115,27-02-2019 ?? 9:04:30,11,5,1,38.38,Hg-Arc,G,436,524.177,108.534
NOLSM276116,27-02-2019 ?? 9:04:30,11,6,2,25.99,Hg-Arc,G,365,534.804,106.888
NOLSM277117,27-02-2019 ?? 9:04:30,11,7,3,65.839,Hg-Arc,G,436,534.333,106.351
NOLSM278118,27-02-2019 ?? 9:04:30,11,8,1,60.483,Hg-Arc,I,405,498.167,107.404
NOLSM279119,27-02-2019 ?? 9:04:30,11,9,2,28.979,Hg-Arc,G,365,537.426,109.393
NOLSM2801110,27-02-2019 ?? 9:04:30,11,10,3,37.104,Hg-Arc,G,405,493.509,108.848
NOLSM2811111,27-02-2019 ?? 9:04:30,11,11,1,46.509,Hg-Arc,G,436,539.552,109.177
NOLSM2821112,27-02-2019 ?? 9:04:30,11,12,2,43.753,Hg-Arc,G,405,517.583,110.892
NOLSM2831113,27-02-2019 ?? 9:04:30,11,13,3,58.4,Hg-Arc,I,405,487.158,107.998
NOLSM2841114,27-02-2019 ?? 9:04:30,11,14,1,45.592,Hg-Arc,I,436,524.503,109.333
NOLSM2851115,27-02-2019 ?? 9:04:30,11,15,2,47.68,Hg-Arc,H,365,490.725,108.962
NOLSM2861116,27-02-2019 ?? 9:04:30,11,16,3,39.839,Hg-Arc,I,405,527.02,109.077
NOLSM2871117,27-02-2019 ?? 9:04:30,11,17,1,27.638,Hg-Arc,H,405,539.192,110.508
NOLSM2881118,27-02-2019 ?? 9:04:30,11,18,2,30.322,Hg-Arc,I,365,539.812,106.617
NOLSM2891119,27-02-2019 ?? 9:04:30,11,19,3,45.983,Hg-Arc,H,365,500.071,107.785
NOLSM2901120,27-02-2019 ?? 9:04:30,11,20,1,56.112,Hg-Arc,I,405,507.95,108.475
NOLSM2911121,27-02-2019 ?? 9:04:30,11,21,2,50.79,Hg-Arc,I,405,527.145,106.434
NOLSM2921122,27-02-2019 ?? 9:04:30,11,22,3,47.355,Hg-Arc,I,436,510.544,109.542
NOLSM2931123,27-02-2019 ?? 9:04:30,11,23,1,18.067,Hg-Arc,I,436,545.635,108.637
NOLSM2941124,27-02-2019 ?? 9:04:30,11,24,3,40.82,Hg-Arc,H,436,513.115,107.708
NOLSM2951125,27-02-2019 ?? 9:04:30,11,25,1,34.1,Hg-Arc,G,436,507.65,107.986
NOLSM2961126,27-02-2019 ?? 9:04:30,11,26,2,45.621,Hg-Arc,I,365,550.249,108.288
NOLSM2971127,27-02-2019 ?? 9:04:30,11,27,3,55.477,Hg-Arc,H,365,513.69,109.019
NOLSM298121,28-02-2019 ?? 9:04:30,12,1,1,41.736,Hg-Arc,G,365,491.54,107.128
NOLSM299122,28-02-2019 ?? 9:04:30,12,2,3,41.161,Hg-Arc,H,436,485.58,107.948
NOLSM300123,28-02-2019 ?? 9:04:30,12,3,1,45.332,Hg-Arc,I,405,491.681,106.757
NOLSM301124,28-02-2019 ?? 9:04:30,12,4,2,42.471,Hg-Arc,I,436,522.076,111.245
NOLSM302125,28-02-2019 ?? 9:04:30,12,5,3,49.083,Hg-Arc,G,365,459.566,107.687
NOLSM303126,28-02-2019 ?? 9:04:30,12,6,1,49.974,Hg-Arc,G,365,537.539,105.516
NOLSM304127,28-02-2019 ?? 9:04:30,12,7,2,43.981,Hg-Arc,G,436,531,109.16
NOLSM305128,28-02-2019 ?? 9:04:30,12,8,3,51.177,Hg-Arc,G,405,507.591,105.355
NOLSM306129,28-02-2019 ?? 9:04:30,12,9,1,37.43,Hg-Arc,I,436,511.038,105.919
NOLSM3071210,28-02-2019 ?? 9:04:30,12,10,2,36.584,Hg-Arc,G,405,526.47,107.959
NOLSM3081211,28-02-2019 ?? 9:04:30,12,11,3,37.552,Hg-Arc,H,405,506.096,105.545
NOLSM3091212,28-02-2019 ?? 9:04:30,12,12,1,29.309,Hg-Arc,I,405,506.667,106.702
NOLSM3101213,28-02-2019 ?? 9:04:30,12,13,2,30.279,Hg-Arc,H,436,519.881,106.815
NOLSM3111214,28-02-2019 ?? 9:04:30,12,14,1,45.892,Hg-Arc,I,365,527.932,106.282
NOLSM3121215,28-02-2019 ?? 9:04:30,12,15,2,65.823,Hg-Arc,H,365,520.804,105.95
NOLSM3131216,28-02-2019 ?? 9:04:30,12,16,3,57.72,Hg-Arc,G,436,502.315,109.019
NOLSM3141217,28-02-2019 ?? 9:04:30,12,17,1,55.55,Hg-Arc,I,405,495.916,108.102
NOLSM3151218,28-02-2019 ?? 9:04:30,12,18,2,44.226,Hg-Arc,G,405,543.174,107.308
NOLSM3161219,28-02-2019 ?? 9:04:30,12,19,3,40.441,Hg-Arc,G,436,548.068,108.873
NOLSM3171220,28-02-2019 ?? 9:04:30,12,20,1,38.767,Hg-Arc,H,365,522.04,106.626
NOLSM3181221,28-02-2019 ?? 9:04:30,12,21,2,35.101,Hg-Arc,G,436,536.467,106.338
NOLSM3191222,28-02-2019 ?? 9:04:30,12,22,3,45.415,Hg-Arc,H,365,529.092,109.39
NOLSM3201223,28-02-2019 ?? 9:04:30,12,23,1,30.468,Hg-Arc,G,436,551.646,108.471
NOLSM3211224,28-02-2019 ?? 9:04:30,12,24,2,44.727,Hg-Arc,H,365,502.298,107.983
NOLSM3221225,28-02-2019 ?? 9:04:30,12,25,3,47.106,Hg-Arc,H,436,531.463,110.232
NOLSM3231226,28-02-2019 ?? 9:04:30,12,26,1,21.01,Hg-Arc,I,436,505.352,107.184
NOLSM3241227,28-02-2019 ?? 9:04:30,12,27,2,38.434,Hg-Arc,I,405,513.177,108.535
NOLSM325131,01-03-2019 ?? 9:04:30,13,1,3,41.676,Hg-Arc,I,436,505.388,109.628
NOLSM326132,01-03-2019 ?? 9:04:30,13,2,1,53.612,Hg-Arc,H,436,541.732,104.917
NOLSM327133,01-03-2019 ?? 9:04:30,13,3,2,47.598,Hg-Arc,I,365,532.2,106.632
NOLSM328134,01-03-2019 ?? 9:04:30,13,4,3,32.843,Hg-Arc,G,365,537.729,108.785
NOLSM329135,01-03-2019 ?? 9:04:30,13,5,1,57.37,Hg-Arc,H,436,522.143,109.913
NOLSM330136,01-03-2019 ?? 9:04:30,13,6,2,4.562,Hg-Arc,I,436,539.753,107.797
NOLSM331137,01-03-2019 ?? 9:04:30,13,7,3,59.616,Hg-Arc,I,365,482.812,107.033
NOLSM332138,01-03-2019 ?? 9:04:30,13,8,1,26.803,Hg-Arc,G,365,526.283,105.824
NOLSM333139,01-03-2019 ?? 9:04:30,13,9,2,23.234,Hg-Arc,I,436,507.655,105.088
NOLSM3341310,01-03-2019 ?? 9:04:30,13,10,3,59.996,Hg-Arc,G,436,508.986,106.837
NOLSM3351311,01-03-2019 ?? 9:04:30,13,11,1,54.021,Hg-Arc,G,436,492.678,110.934
NOLSM3361312,01-03-2019 ?? 9:04:30,13,12,2,20.588,Hg-Arc,G,436,547.415,110.832
NOLSM3371313,01-03-2019 ?? 9:04:30,13,13,3,49.682,Hg-Arc,H,405,511.504,104.978
NOLSM3381314,01-03-2019 ?? 9:04:30,13,14,1,36.541,Hg-Arc,H,436,511.294,107.77
NOLSM3391315,01-03-2019 ?? 9:04:30,13,15,2,33.036,Hg-Arc,G,436,515.668,109.616
NOLSM3401316,01-03-2019 ?? 9:04:30,13,16,3,46.903,Hg-Arc,I,365,532.252,105.132
NOLSM3411317,01-03-2019 ?? 9:04:30,13,17,1,66.532,Hg-Arc,H,405,509.393,108.43
NOLSM3421318,01-03-2019 ?? 9:04:30,13,18,2,33.205,Hg-Arc,G,405,551.527,109.55
NOLSM3431319,01-03-2019 ?? 9:04:30,13,19,3,42.216,Hg-Arc,I,436,512.091,108.576
NOLSM3441320,01-03-2019 ?? 9:04:30,13,20,1,55.47,Hg-Arc,H,365,515.702,108.514
NOLSM3451321,01-03-2019 ?? 9:04:30,13,21,3,58.434,Hg-Arc,H,436,492.517,108.301
NOLSM3461322,01-03-2019 ?? 9:04:30,13,22,1,46.924,Hg-Arc,I,405,520.06,108.3
NOLSM3471323,01-03-2019 ?? 9:04:30,13,23,2,43.02,Hg-Arc,I,436,498.906,109.672
NOLSM3481324,01-03-2019 ?? 9:04:30,13,24,3,39.639,Hg-Arc,I,365,519.143,108.319
NOLSM3491325,01-03-2019 ?? 9:04:30,13,25,1,48.829,Hg-Arc,H,405,512.364,109.219
NOLSM3501326,01-03-2019 ?? 9:04:30,13,26,2,51.041,Hg-Arc,I,405,522.393,110.411
NOLSM3511327,01-03-2019 ?? 9:04:30,13,27,3,49.273,Hg-Arc,H,436,508.958,108.273
NOLSM352141,02-03-2019 ?? 9:04:30,14,1,1,27.462,Hg-Arc,G,405,521.612,108.679
NOLSM353142,02-03-2019 ?? 9:04:30,14,2,2,44.609,Hg-Arc,H,405,526.271,106.244
NOLSM354143,02-03-2019 ?? 9:04:30,14,3,3,29.386,Hg-Arc,I,436,543.086,109.029
NOLSM355144,02-03-2019 ?? 9:04:30,14,4,1,56.894,Hg-Arc,I,365,513.425,109.311
NOLSM356145,02-03-2019 ?? 9:04:30,14,5,2,61.517,Hg-Arc,H,436,544.004,105.044
NOLSM357146,02-03-2019 ?? 9:04:30,14,6,3,26.046,Hg-Arc,I,365,521.06,108.97
NOLSM358147,02-03-2019 ?? 9:04:30,14,7,2,43.331,Hg-Arc,H,436,527.072,108.099
NOLSM359148,02-03-2019 ?? 9:04:30,14,8,3,22.994,Hg-Arc,G,365,528.805,107.31
NOLSM360149,02-03-2019 ?? 9:04:30,14,9,1,59.329,Hg-Arc,H,405,529.451,107.358
NOLSM3611410,02-03-2019 ?? 9:04:30,14,10,2,24.228,Hg-Arc,H,436,476.574,108.983
NOLSM3621411,02-03-2019 ?? 9:04:30,14,11,3,53.648,Hg-Arc,H,436,527.294,106.787
NOLSM3631412,02-03-2019 ?? 9:04:30,14,12,1,33.961,Hg-Arc,G,436,527.222,105.326
NOLSM3641413,02-03-2019 ?? 9:04:30,14,13,2,48.94,Hg-Arc,H,365,500.856,107.066
NOLSM3651414,02-03-2019 ?? 9:04:30,14,14,3,40.812,Hg-Arc,G,365,489.18,107.391
NOLSM3661415,02-03-2019 ?? 9:04:30,14,15,1,38.259,Hg-Arc,G,405,539.594,106.346
NOLSM3671416,02-03-2019 ?? 9:04:30,14,16,2,59.087,Hg-Arc,I,405,572.47,109.009
NOLSM3681417,02-03-2019 ?? 9:04:30,14,17,3,33.691,Hg-Arc,H,365,541.227,108.846
NOLSM3691418,02-03-2019 ?? 9:04:30,14,18,1,32.647,Hg-Arc,G,405,508.153,109.164
NOLSM3701419,02-03-2019 ?? 9:04:30,14,19,2,56.475,Hg-Arc,H,405,479.665,106.777
NOLSM3711420,02-03-2019 ?? 9:04:30,14,20,3,17.852,Hg-Arc,G,436,471.726,111.519
NOLSM3721421,02-03-2019 ?? 9:04:30,14,21,1,43.094,Hg-Arc,I,405,537.083,107.613
NOLSM3731422,02-03-2019 ?? 9:04:30,14,22,2,55.39,Hg-Arc,H,365,518.087,107.484
NOLSM3741423,02-03-2019 ?? 9:04:30,14,23,1,33.589,Hg-Arc,G,365,525.359,106.322
NOLSM3751424,02-03-2019 ?? 9:04:30,14,24,3,39.028,Hg-Arc,G,365,510.969,106.311
NOLSM3761425,02-03-2019 ?? 9:04:30,14,25,1,36.623,Hg-Arc,G,405,496.314,112.069
NOLSM3771426,02-03-2019 ?? 9:04:30,14,26,2,44.947,Hg-Arc,H,436,512.789,111.526
NOLSM3781427,02-03-2019 ?? 9:04:30,14,27,3,50.402,Hg-Arc,I,436,529.001,107.578
NOLSM379151,03-03-2019 ?? 9:04:30,15,1,1,42.835,Hg-Arc,I,436,548.796,106.907
NOLSM380152,03-03-2019 ?? 9:04:30,15,2,2,45.173,Hg-Arc,H,436,533.002,109.443
NOLSM381153,03-03-2019 ?? 9:04:30,15,3,3,56.223,Hg-Arc,I,436,526.859,108.358
NOLSM382154,03-03-2019 ?? 9:04:30,15,4,1,50.152,Hg-Arc,I,405,510.635,108.664
NOLSM383155,03-03-2019 ?? 9:04:30,15,5,3,45.961,Hg-Arc,H,436,497.687,108.858
NOLSM384156,03-03-2019 ?? 9:04:30,15,6,1,49.155,Hg-Arc,G,436,545.411,109.447
NOLSM385157,03-03-2019 ?? 9:04:30,15,7,3,36.855,Hg-Arc,H,405,549.877,107.83
NOLSM386158,03-03-2019 ?? 9:04:30,15,8,1,30.556,Hg-Arc,H,365,500.373,108.374
NOLSM387159,03-03-2019 ?? 9:04:30,15,9,2,40.801,Hg-Arc,H,436,530.116,108.501
NOLSM3881510,03-03-2019 ?? 9:04:30,15,10,3,24.677,Hg-Arc,H,405,500.466,105.36
NOLSM3891511,03-03-2019 ?? 9:04:30,15,11,1,29.033,Hg-Arc,G,365,492.319,108.251
NOLSM3901512,03-03-2019 ?? 9:04:30,15,12,2,37.352,Hg-Arc,H,365,554.659,108.363
NOLSM3911513,03-03-2019 ?? 9:04:30,15,13,3,55.804,Hg-Arc,G,405,483.726,109.701
NOLSM3921514,03-03-2019 ?? 9:04:30,15,14,1,49.652,Hg-Arc,I,365,538.94,106.935
NOLSM3931515,03-03-2019 ?? 9:04:30,15,15,3,45.387,Hg-Arc,H,405,540.042,107.838
NOLSM3941516,03-03-2019 ?? 9:04:30,15,16,1,31.283,Hg-Arc,I,436,525.219,107.912
NOLSM3951517,03-03-2019 ?? 9:04:30,15,17,2,46.514,Hg-Arc,G,365,506.17,107.899
NOLSM3961518,03-03-2019 ?? 9:04:30,15,18,3,37.378,Hg-Arc,G,436,526.174,107.429
NOLSM3971519,03-03-2019 ?? 9:04:30,15,19,1,33.004,Hg-Arc,H,436,514.699,109.571
NOLSM3981520,03-03-2019 ?? 9:04:30,15,20,2,41.801,Hg-Arc,I,436,476.826,106.082
NOLSM3991521,03-03-2019 ?? 9:04:30,15,21,3,25.265,Hg-Arc,I,405,516.324,108.213
NOLSM4001522,03-03-2019 ?? 9:04:30,15,22,1,51.723,Hg-Arc,I,405,516.223,107.833
NOLSM4011523,03-03-2019 ?? 9:04:30,15,23,2,45.432,Hg-Arc,H,436,494.743,107.334
NOLSM4021524,03-03-2019 ?? 9:04:30,15,24,3,39.255,Hg-Arc,G,436,528.74,106.719
NOLSM4031525,03-03-2019 ?? 9:04:30,15,25,1,41.238,Hg-Arc,H,405,519.44,109.177
NOLSM4041526,03-03-2019 ?? 9:04:30,15,26,3,58.745,Hg-Arc,I,436,461.885,104.821
NOLSM4051527,03-03-2019 ?? 9:04:30,15,27,1,30.214,Hg-Arc,G,436,491.186,109.592
NOLSM406161,04-03-2019 ?? 9:04:30,16,1,2,39.985,Hg-Arc,G,365,530.61,107.085
NOLSM407162,04-03-2019 ?? 9:04:30,16,2,3,48.249,Hg-Arc,H,436,500.183,108.653
NOLSM408163,04-03-2019 ?? 9:04:30,16,3,1,42.936,Hg-Arc,I,405,545.072,104.708
NOLSM409164,04-03-2019 ?? 9:04:30,16,4,2,38.106,Hg-Arc,H,365,522.79,106.614
NOLSM410165,04-03-2019 ?? 9:04:30,16,5,3,36.575,Hg-Arc,I,405,525.581,104.163
NOLSM411166,04-03-2019 ?? 9:04:30,16,6,1,51.663,Hg-Arc,H,436,506.682,107.533
NOLSM412167,04-03-2019 ?? 9:04:30,16,7,2,37.821,Hg-Arc,H,365,487.27,109.052
NOLSM413168,04-03-2019 ?? 9:04:30,16,8,3,66.126,Hg-Arc,H,436,513.148,108.349
NOLSM414169,04-03-2019 ?? 9:04:30,16,9,1,57.007,Hg-Arc,H,436,515.931,108.045
NOLSM4151610,04-03-2019 ?? 9:04:30,16,10,2,32.167,Hg-Arc,I,365,507.827,108.004
NOLSM4161611,04-03-2019 ?? 9:04:30,16,11,3,46.377,Hg-Arc,H,365,548.349,108.44
NOLSM4171612,04-03-2019 ?? 9:04:30,16,12,1,59.863,Hg-Arc,G,405,493.791,107.877
NOLSM4181613,04-03-2019 ?? 9:04:30,16,13,2,25.889,Hg-Arc,I,365,494.437,105.993
NOLSM4191614,04-03-2019 ?? 9:04:30,16,14,3,38.539,Hg-Arc,H,365,503.504,108.845
NOLSM4201615,04-03-2019 ?? 9:04:30,16,15,1,51.232,Hg-Arc,H,365,493.864,107.915
NOLSM4211616,04-03-2019 ?? 9:04:30,16,16,2,39.851,Hg-Arc,I,365,528.065,109.695
NOLSM4221617,04-03-2019 ?? 9:04:30,16,17,1,50.826,Hg-Arc,H,365,534.358,108.793
NOLSM4231618,04-03-2019 ?? 9:04:30,16,18,2,49.345,Hg-Arc,G,405,495.078,108.097
NOLSM4241619,04-03-2019 ?? 9:04:30,16,19,3,35.634,Hg-Arc,I,436,564.311,111.485
NOLSM4251620,04-03-2019 ?? 9:04:30,16,20,1,50.479,Hg-Arc,G,405,519.377,110.08
NOLSM4261621,04-03-2019 ?? 9:04:30,16,21,3,34.859,Hg-Arc,G,365,504.217,108.15
NOLSM4271622,04-03-2019 ?? 9:04:30,16,22,1,51.655,Hg-Arc,I,436,516.554,105.018
NOLSM4281623,04-03-2019 ?? 9:04:30,16,23,2,36.495,Hg-Arc,G,405,509.257,107.71
NOLSM4291624,04-03-2019 ?? 9:04:30,16,24,3,48.696,Hg-Arc,I,405,510.567,106.485
NOLSM4301625,04-03-2019 ?? 9:04:30,16,25,1,47.593,Hg-Arc,G,436,520.056,106.538
NOLSM4311626,04-03-2019 ?? 9:04:30,16,26,2,53.031,Hg-Arc,H,436,514.878,108.659
NOLSM4321627,04-03-2019 ?? 9:04:30,16,27,3,34.3,Hg-Arc,G,405,513.615,107.107
NOLSM433171,05-03-2019 ?? 9:04:30,17,1,1,23.043,Hg-Arc,G,436,513.678,107.949
NOLSM434172,05-03-2019 ?? 9:04:30,17,2,2,38.023,Hg-Arc,H,436,509.248,108.548
NOLSM435173,05-03-2019 ?? 9:04:30,17,3,3,36.419,Hg-Arc,H,365,519.114,108.49
NOLSM436174,05-03-2019 ?? 9:04:30,17,4,1,28.535,Hg-Arc,G,405,536.646,105.915
NOLSM437175,05-03-2019 ?? 9:04:30,17,5,2,37.686,Hg-Arc,G,405,539.95,106.798
NOLSM438176,05-03-2019 ?? 9:04:30,17,6,3,41.601,Hg-Arc,H,436,527.173,109.228
NOLSM439177,05-03-2019 ?? 9:04:30,17,7,2,58.935,Hg-Arc,G,365,570.914,109.229
NOLSM440178,05-03-2019 ?? 9:04:30,17,8,3,44.672,Hg-Arc,H,436,523.307,110.261
NOLSM441179,05-03-2019 ?? 9:04:30,17,9,1,39.912,Hg-Arc,G,436,513.312,109.45
NOLSM4421710,05-03-2019 ?? 9:04:30,17,10,3,50.011,Hg-Arc,G,436,543.388,107.633
NOLSM4431711,05-03-2019 ?? 9:04:30,17,11,1,48.865,Hg-Arc,H,365,530.579,108.551
NOLSM4441712,05-03-2019 ?? 9:04:30,17,12,2,22.793,Hg-Arc,G,365,441.717,109.461
NOLSM4451713,05-03-2019 ?? 9:04:30,17,13,3,47.065,Hg-Arc,H,365,507.012,108.97
NOLSM4461714,05-03-2019 ?? 9:04:30,17,14,1,48.164,Hg-Arc,G,436,502.75,109.052
NOLSM4471715,05-03-2019 ?? 9:04:30,17,15,2,17.523,Hg-Arc,H,365,513.628,107.348
NOLSM4481716,05-03-2019 ?? 9:04:30,17,16,3,26.198,Hg-Arc,I,405,476.939,108.243
NOLSM4491717,05-03-2019 ?? 9:04:30,17,17,1,57.004,Hg-Arc,G,405,510.869,108.924
NOLSM4501718,05-03-2019 ?? 9:04:30,17,18,3,56.015,Hg-Arc,H,405,476.612,108.359
NOLSM4511719,05-03-2019 ?? 9:04:30,17,19,1,22.418,Hg-Arc,I,436,503.756,105.207
NOLSM4521720,05-03-2019 ?? 9:04:30,17,20,3,29.962,Hg-Arc,G,436,534.287,109.531
NOLSM4531721,05-03-2019 ?? 9:04:30,17,21,1,28.301,Hg-Arc,H,436,547.91,108.014
NOLSM4541722,05-03-2019 ?? 9:04:30,17,22,2,41.796,Hg-Arc,I,365,496.304,108.198
NOLSM4551723,05-03-2019 ?? 9:04:30,17,23,3,48.865,Hg-Arc,G,436,495.075,107.279
NOLSM4561724,05-03-2019 ?? 9:04:30,17,24,1,56.005,Hg-Arc,I,365,534.682,107.168
NOLSM4571725,05-03-2019 ?? 9:04:30,17,25,3,30.795,Hg-Arc,H,436,515.659,107.437
NOLSM4581726,05-03-2019 ?? 9:04:30,17,26,1,31.074,Hg-Arc,I,405,529.606,108.445
NOLSM4591727,05-03-2019 ?? 9:04:30,17,27,2,37.972,Hg-Arc,G,365,486.392,108.301
NOLSM460181,06-03-2019 ?? 9:04:30,18,1,3,25.657,Hg-Arc,G,436,542.767,106.535
NOLSM461182,06-03-2019 ?? 9:04:30,18,2,1,22.358,Hg-Arc,G,436,559.309,107.851
NOLSM462183,06-03-2019 ?? 9:04:30,18,3,2,19.378,Hg-Arc,G,436,554.537,107.31
NOLSM463184,06-03-2019 ?? 9:04:30,18,4,3,29.366,Hg-Arc,G,436,557.108,107.699
NOLSM464185,06-03-2019 ?? 9:04:30,18,5,1,13.721,Hg-Arc,G,436,553.497,107.293
NOLSM465186,06-03-2019 ?? 9:04:30,18,6,2,19.727,Hg-Arc,G,436,552.958,107.638
NOLSM466187,06-03-2019 ?? 9:04:30,18,7,3,29.578,Hg-Arc,G,436,550.899,108.359
NOLSM467188,06-03-2019 ?? 9:04:30,18,8,1,17.244,Hg-Arc,G,436,548.49,107.84
NOLSM468189,06-03-2019 ?? 9:04:30,18,9,2,17.474,Hg-Arc,G,436,547.287,107.46
NOLSM4691810,06-03-2019 ?? 9:04:30,18,10,1,23.018,Hg-Arc,G,436,548.646,108.197
NOLSM4701811,06-03-2019 ?? 9:04:30,18,11,2,24.328,Hg-Arc,G,436,555.085,108.275
NOLSM4711812,06-03-2019 ?? 9:04:30,18,12,3,31.553,Hg-Arc,G,436,552.418,108.825
NOLSM4721813,06-03-2019 ?? 9:04:30,18,13,1,36.742,Hg-Arc,G,436,556.431,108.883
NOLSM4731814,06-03-2019 ?? 9:04:30,18,14,2,29.197,Hg-Arc,G,436,551.224,108.837
NOLSM4741815,06-03-2019 ?? 9:04:30,18,15,3,36.652,Hg-Arc,G,436,556.698,109.502
NOLSM4751816,06-03-2019 ?? 9:04:30,18,16,1,38,Hg-Arc,G,436,555.801,108.991
NOLSM4761817,06-03-2019 ?? 9:04:30,18,17,3,31.46,Hg-Arc,G,436,550.755,108.858
NOLSM4771818,06-03-2019 ?? 9:04:30,18,18,1,32.782,Hg-Arc,G,436,546.804,108.846
NOLSM4781819,06-03-2019 ?? 9:04:30,18,19,2,29.906,Hg-Arc,G,436,550.457,108.913
NOLSM4791820,06-03-2019 ?? 9:04:30,18,20,3,35.244,Hg-Arc,G,436,552.697,109.409
NOLSM4801821,06-03-2019 ?? 9:04:30,18,21,1,39.437,Hg-Arc,G,436,546.286,109.337
NOLSM4811822,06-03-2019 ?? 9:04:30,18,22,2,42.086,Hg-Arc,G,436,543.498,110.06
NOLSM4821823,06-03-2019 ?? 9:04:30,18,23,3,31.482,Hg-Arc,G,436,544.819,109.031
NOLSM4831824,06-03-2019 ?? 9:04:30,18,24,1,43.236,Hg-Arc,G,436,559.819,109.34
NOLSM4841825,06-03-2019 ?? 9:04:30,18,25,2,35.818,Hg-Arc,G,436,560.269,109.205
NOLSM4851826,06-03-2019 ?? 9:04:30,18,26,3,34.683,Hg-Arc,G,436,552.795,109.331
NOLSM4861827,06-03-2019 ?? 9:04:30,18,27,1,45.552,Hg-Arc,G,436,552.984,109.671
NOLSM487191,07-03-2019 ?? 9:04:30,19,1,2,38.42,Hg-Arc,G,436,552.143,109.603
NOLSM488192,07-03-2019 ?? 9:04:30,19,2,3,40.362,Hg-Arc,G,436,554.379,109.975
NOLSM489193,07-03-2019 ?? 9:04:30,19,3,1,49.535,Hg-Arc,G,436,539.611,110.531
NOLSM490194,07-03-2019 ?? 9:04:30,19,4,2,48.873,Hg-Arc,G,436,543.765,110.704
NOLSM491195,07-03-2019 ?? 9:04:30,19,5,3,38.145,Hg-Arc,G,436,557.198,109.671
NOLSM492196,07-03-2019 ?? 9:04:30,19,6,1,40.408,Hg-Arc,G,436,559.368,109.111
NOLSM493197,07-03-2019 ?? 9:04:30,19,7,2,24.251,Hg-Arc,G,436,551.846,108.36
NOLSM494198,07-03-2019 ?? 9:04:30,19,8,3,30.525,Hg-Arc,G,436,551.722,108.611
NOLSM495199,07-03-2019 ?? 9:04:30,19,9,1,36.502,Hg-Arc,G,436,553.742,108.924
NOLSM4961910,07-03-2019 ?? 9:04:30,19,10,2,24.124,Hg-Arc,G,436,553.393,108.303
NOLSM4971911,07-03-2019 ?? 9:04:30,19,11,3,29.507,Hg-Arc,G,436,555.049,108.042
NOLSM4981912,07-03-2019 ?? 9:04:30,19,12,1,37.901,Hg-Arc,G,436,558.813,108.924
NOLSM4991913,07-03-2019 ?? 9:04:30,19,13,2,34.094,Hg-Arc,G,436,554.717,109.182
NOLSM5001914,07-03-2019 ?? 9:04:30,19,14,3,29.246,Hg-Arc,G,436,549.091,108.335
NOLSM5011915,07-03-2019 ?? 9:04:30,19,15,1,43.378,Hg-Arc,G,436,553.48,109.471
NOLSM5021916,07-03-2019 ?? 9:04:30,19,16,2,42.33,Hg-Arc,G,436,553.143,109.929
NOLSM5031917,07-03-2019 ?? 9:04:30,19,17,3,38.55,Hg-Arc,G,436,555.78,109.747
NOLSM5041918,07-03-2019 ?? 9:04:30,19,18,1,39.991,Hg-Arc,G,436,558.537,109.093
NOLSM5051919,07-03-2019 ?? 9:04:30,19,19,2,19.408,Hg-Arc,G,436,550.221,107.745
NOLSM5061920,07-03-2019 ?? 9:04:30,19,20,3,28.894,Hg-Arc,G,436,546.867,108.327
NOLSM5071921,07-03-2019 ?? 9:04:30,19,21,1,39.421,Hg-Arc,G,436,553.719,109.144
NOLSM5081922,07-03-2019 ?? 9:04:30,19,22,2,19.43,Hg-Arc,G,436,553.769,107.464
NOLSM5091923,07-03-2019 ?? 9:04:30,19,23,3,28.585,Hg-Arc,G,436,548.822,108.066
NOLSM5101924,07-03-2019 ?? 9:04:30,19,24,2,25.438,Hg-Arc,G,436,552.475,108.465
NOLSM5111925,07-03-2019 ?? 9:04:30,19,25,3,32.084,Hg-Arc,G,436,544.71,109.136
NOLSM5121926,07-03-2019 ?? 9:04:30,19,26,1,14.799,Hg-Arc,G,436,546.757,107.732
NOLSM5131927,07-03-2019 ?? 9:04:30,19,27,2,17.83,Hg-Arc,G,436,550.156,107.203
NOLSM514201,08-03-2019 ?? 9:04:30,20,1,3,30.393,Hg-Arc,G,436,565.422,106.942
NOLSM515202,08-03-2019 ?? 9:04:30,20,2,1,23.104,Hg-Arc,G,436,562.43,107.824
NOLSM516203,08-03-2019 ?? 9:04:30,20,3,2,16.981,Hg-Arc,G,436,547.869,107.096
NOLSM517204,08-03-2019 ?? 9:04:30,20,4,3,32.751,Hg-Arc,G,436,549.126,109.133
NOLSM518205,08-03-2019 ?? 9:04:30,20,5,1,30.79,Hg-Arc,G,436,552.745,108.555
NOLSM519206,08-03-2019 ?? 9:04:30,20,6,2,25.231,Hg-Arc,G,436,549.41,108.518
NOLSM520207,08-03-2019 ?? 9:04:30,20,7,1,31.899,Hg-Arc,G,436,562.959,108.407
NOLSM521208,08-03-2019 ?? 9:04:30,20,8,2,28.066,Hg-Arc,G,436,543.316,108.888
NOLSM522209,08-03-2019 ?? 9:04:30,20,9,3,29.83,Hg-Arc,G,436,548.989,108.531
NOLSM5232010,08-03-2019 ?? 9:04:30,20,10,1,38.256,Hg-Arc,G,436,542.454,109.373
NOLSM5242011,08-03-2019 ?? 9:04:30,20,11,2,32.194,Hg-Arc,G,436,546.144,109.183
NOLSM5252012,08-03-2019 ?? 9:04:30,20,12,3,30.328,Hg-Arc,G,436,560.847,107.964
NOLSM5262013,08-03-2019 ?? 9:04:30,20,13,1,37.438,Hg-Arc,G,436,551.252,109.051
NOLSM5272014,08-03-2019 ?? 9:04:30,20,14,2,32.18,Hg-Arc,G,436,547.369,109.161
NOLSM5282015,08-03-2019 ?? 9:04:30,20,15,3,35.603,Hg-Arc,G,436,546.557,109.587
NOLSM5292016,08-03-2019 ?? 9:04:30,20,16,1,46.454,Hg-Arc,G,436,553.258,109.746
NOLSM5302017,08-03-2019 ?? 9:04:30,20,17,2,34.835,Hg-Arc,G,436,547.627,109.378
NOLSM5312018,08-03-2019 ?? 9:04:30,20,18,3,34.207,Hg-Arc,G,436,547.84,109.377
NOLSM5322019,08-03-2019 ?? 9:04:30,20,19,1,42.31,Hg-Arc,G,436,557.006,109.311
NOLSM5332020,08-03-2019 ?? 9:04:30,20,20,2,32.788,Hg-Arc,G,436,542.295,109.295
NOLSM5342021,08-03-2019 ?? 9:04:30,20,21,3,36.083,Hg-Arc,G,436,543.142,109.724
NOLSM5352022,08-03-2019 ?? 9:04:30,20,22,1,36.508,Hg-Arc,G,436,545.692,109.136
NOLSM5362023,08-03-2019 ?? 9:04:30,20,23,2,36.34,Hg-Arc,G,436,556.01,109.347
NOLSM5372024,08-03-2019 ?? 9:04:30,20,24,3,30.242,Hg-Arc,G,436,548.256,108.67
NOLSM5382025,08-03-2019 ?? 9:04:30,20,25,2,33.182,Hg-Arc,G,436,548.616,109.223
NOLSM5392026,08-03-2019 ?? 9:04:30,20,26,3,37.54,Hg-Arc,G,436,544.81,109.858
NOLSM5402027,08-03-2019 ?? 9:04:30,20,27,1,43.585,Hg-Arc,G,436,543.356,109.779
NOLSM541211,17-02-2019 ?? 9:04:30,21,1,2,47.83,Hg-Arc,G,436,548.32,110.53
NOLSM542212,17-02-2019 ?? 9:04:30,21,2,3,37.494,Hg-Arc,G,436,541.911,109.924
NOLSM543213,17-02-2019 ?? 9:04:30,21,3,1,45.14,Hg-Arc,G,436,542.695,109.945
NOLSM544214,17-02-2019 ?? 9:04:30,21,4,2,39.937,Hg-Arc,G,436,547.454,109.814
NOLSM545215,17-02-2019 ?? 9:04:30,21,5,3,45.357,Hg-Arc,G,436,532.047,111.247
NOLSM546216,17-02-2019 ?? 9:04:30,21,6,1,54.056,Hg-Arc,G,436,537.644,111.176
NOLSM547217,17-02-2019 ?? 9:04:30,21,7,2,42.706,Hg-Arc,G,436,542.278,110.133
NOLSM548218,17-02-2019 ?? 9:04:30,21,8,3,48.753,Hg-Arc,G,436,546.736,111.052
NOLSM549219,17-02-2019 ?? 9:04:30,21,9,1,31.512,Hg-Arc,G,436,544.737,108.828
NOLSM5502110,17-02-2019 ?? 9:04:30,21,10,2,39.583,Hg-Arc,G,436,547.376,109.784
NOLSM5512111,17-02-2019 ?? 9:04:30,21,11,3,34.607,Hg-Arc,G,436,543.418,109.532
NOLSM5522112,17-02-2019 ?? 9:04:30,21,12,1,36.939,Hg-Arc,G,436,545.707,109.167
NOLSM5532113,17-02-2019 ?? 9:04:30,21,13,3,32.311,Hg-Arc,G,436,542.1,109.241
NOLSM5542114,17-02-2019 ?? 9:04:30,21,14,1,40.276,Hg-Arc,G,436,544.474,109.461
NOLSM5552115,17-02-2019 ?? 9:04:30,21,15,2,30.716,Hg-Arc,G,436,540.64,109.151
NOLSM5562116,17-02-2019 ?? 9:04:30,21,16,3,37.029,Hg-Arc,G,436,539.235,109.942
NOLSM5572117,17-02-2019 ?? 9:04:30,21,17,1,30.263,Hg-Arc,G,436,554.023,108.49
NOLSM5582118,17-02-2019 ?? 9:04:30,21,18,2,29.346,Hg-Arc,G,436,548.455,108.904
NOLSM5592119,17-02-2019 ?? 9:04:30,21,19,3,30.558,Hg-Arc,G,436,544.367,108.869
NOLSM5602120,17-02-2019 ?? 9:04:30,21,20,2,30.501,Hg-Arc,G,436,558.871,108.776
NOLSM5612121,17-02-2019 ?? 9:04:30,21,21,3,31.024,Hg-Arc,G,436,552.429,108.708
NOLSM5622122,17-02-2019 ?? 9:04:30,21,22,1,22.161,Hg-Arc,G,436,546.001,108.235
NOLSM5632123,17-02-2019 ?? 9:04:30,21,23,2,26.662,Hg-Arc,G,436,551.305,108.609
NOLSM5642124,17-02-2019 ?? 9:04:30,21,24,3,30.218,Hg-Arc,G,436,555.997,108.305
NOLSM5652125,17-02-2019 ?? 9:04:30,21,25,1,31.786,Hg-Arc,G,436,551.176,108.66
NOLSM5662126,17-02-2019 ?? 9:04:30,21,26,2,25.02,Hg-Arc,G,436,550.435,108.473
NOLSM5672127,17-02-2019 ?? 9:04:30,21,27,3,34.196,Hg-Arc,G,436,563.401,108.962
NOLSM568221,18-02-2019 ?? 9:04:30,22,1,1,30.232,Hg-Arc,G,436,556.036,108.441
NOLSM569222,18-02-2019 ?? 9:04:30,22,2,2,26.925,Hg-Arc,G,436,547.665,108.71
NOLSM570223,18-02-2019 ?? 9:04:30,22,3,3,31.411,Hg-Arc,G,436,550.573,108.854
NOLSM571224,18-02-2019 ?? 9:04:30,22,4,1,37.292,Hg-Arc,G,436,553.147,108.995
NOLSM572225,18-02-2019 ?? 9:04:30,22,5,2,30.239,Hg-Arc,G,436,553.558,108.878
NOLSM573226,18-02-2019 ?? 9:04:30,22,6,3,32.761,Hg-Arc,G,436,558.225,108.876
NOLSM574227,18-02-2019 ?? 9:04:30,22,7,1,17.203,Hg-Arc,G,436,537.11,108.302
NOLSM575228,18-02-2019 ?? 9:04:30,22,8,2,28.684,Hg-Arc,G,436,551.091,108.795
NOLSM576229,18-02-2019 ?? 9:04:30,22,9,3,29.181,Hg-Arc,G,436,551.105,108.185
NOLSM5772210,18-02-2019 ?? 9:04:30,22,10,1,26.682,Hg-Arc,G,436,554.306,108.257
NOLSM5782211,18-02-2019 ?? 9:04:30,22,11,2,33.873,Hg-Arc,G,436,547.305,109.303
NOLSM5792212,18-02-2019 ?? 9:04:30,22,12,3,29.884,Hg-Arc,G,436,548.76,108.556
NOLSM5802213,18-02-2019 ?? 9:04:30,22,13,1,19.704,Hg-Arc,G,436,552.565,107.864
NOLSM5812214,18-02-2019 ?? 9:04:30,22,14,2,21.393,Hg-Arc,G,436,557.195,107.739
NOLSM5822215,18-02-2019 ?? 9:04:30,22,15,3,28.17,Hg-Arc,G,436,548.946,107.813
NOLSM5832216,18-02-2019 ?? 9:04:30,22,16,1,40.534,Hg-Arc,G,436,551.142,109.291
NOLSM5842217,18-02-2019 ?? 9:04:30,22,17,2,25.47,Hg-Arc,G,436,548.765,108.555
NOLSM5852218,18-02-2019 ?? 9:04:30,22,18,3,29.089,Hg-Arc,G,436,549.782,108.233
NOLSM5862219,18-02-2019 ?? 9:04:30,22,19,1,32.562,Hg-Arc,G,436,555.955,108.597
NOLSM5872220,18-02-2019 ?? 9:04:30,22,20,2,24.515,Hg-Arc,G,436,545.424,108.536
NOLSM5882221,18-02-2019 ?? 9:04:30,22,21,3,31.187,Hg-Arc,G,436,565.117,108.029
NOLSM5892222,18-02-2019 ?? 9:04:30,22,22,2,23.719,Hg-Arc,G,436,559.336,108.042
NOLSM5902223,18-02-2019 ?? 9:04:30,22,23,3,28.795,Hg-Arc,G,436,551.584,107.943
NOLSM5912224,18-02-2019 ?? 9:04:30,22,24,1,29.508,Hg-Arc,G,436,555.3,108.411
NOLSM5922225,18-02-2019 ?? 9:04:30,22,25,2,25.944,Hg-Arc,G,436,559.348,108.321
NOLSM5932226,18-02-2019 ?? 9:04:30,22,26,3,29.002,Hg-Arc,G,436,553.441,107.886
NOLSM5942227,18-02-2019 ?? 9:04:30,22,27,1,20.288,Hg-Arc,G,436,552.481,107.906
NOLSM595231,19-02-2019 ?? 9:04:30,23,1,2,25.966,Hg-Arc,G,436,556.551,108.409
NOLSM596232,19-02-2019 ?? 9:04:30,23,2,3,31.529,Hg-Arc,G,436,560.362,108.501
NOLSM597233,19-02-2019 ?? 9:04:30,23,3,1,29.444,Hg-Arc,G,436,548.929,108.572
NOLSM598234,19-02-2019 ?? 9:04:30,23,4,2,26.803,Hg-Arc,G,436,554.883,108.537
NOLSM599235,19-02-2019 ?? 9:04:30,23,5,3,29.287,Hg-Arc,G,436,543.68,108.596
NOLSM600236,19-02-2019 ?? 9:04:30,23,6,1,30.914,Hg-Arc,G,436,546.453,108.736
NOLSM601237,19-02-2019 ?? 9:04:30,23,7,2,30.059,Hg-Arc,G,436,553.464,108.864
NOLSM602238,19-02-2019 ?? 9:04:30,23,8,3,32.765,Hg-Arc,G,436,559.533,108.831
NOLSM603239,19-02-2019 ?? 9:04:30,23,9,1,49.812,Hg-Arc,G,436,542.479,110.419
NOLSM6042310,19-02-2019 ?? 9:04:30,23,10,2,45.462,Hg-Arc,G,436,545.682,110.338
NOLSM6052311,19-02-2019 ?? 9:04:30,23,11,3,42.44,Hg-Arc,G,436,547.698,110.332
NOLSM6062312,19-02-2019 ?? 9:04:30,23,12,1,49.83,Hg-Arc,G,436,548.749,110.185
NOLSM6072313,19-02-2019 ?? 9:04:30,23,13,2,45.629,Hg-Arc,G,436,557.687,110.149
NOLSM6082314,19-02-2019 ?? 9:04:30,23,14,3,37.814,Hg-Arc,G,436,542.705,109.941
NOLSM6092315,19-02-2019 ?? 9:04:30,23,15,1,38.76,Hg-Arc,G,436,543.717,109.367
NOLSM6102316,19-02-2019 ?? 9:04:30,23,16,2,35.724,Hg-Arc,G,436,552.836,109.359
NOLSM6112317,19-02-2019 ?? 9:04:30,23,17,3,34.701,Hg-Arc,G,436,550.608,109.383
NOLSM6122318,19-02-2019 ?? 9:04:30,23,18,2,37.626,Hg-Arc,G,436,559.091,109.39
NOLSM6132319,19-02-2019 ?? 9:04:30,23,19,3,55.04,Hg-Arc,H,405,510.691,109.307
NOLSM6142320,19-02-2019 ?? 9:04:30,23,20,1,47.455,Hg-Arc,H,405,503.094,109.195
NOLSM6152321,19-02-2019 ?? 9:04:30,23,21,2,48.975,Hg-Arc,H,405,516.917,109.359
NOLSM6162322,19-02-2019 ?? 9:04:30,23,22,3,53.36,Hg-Arc,H,405,505.848,109.766
NOLSM6172323,19-02-2019 ?? 9:04:30,23,23,1,45.079,Hg-Arc,H,405,504.537,109.778
NOLSM6182324,19-02-2019 ?? 9:04:30,23,24,2,46.403,Hg-Arc,H,405,506.203,110.012
NOLSM6192325,19-02-2019 ?? 9:04:30,23,25,3,55.019,Hg-Arc,H,405,507.611,110.257
NOLSM6202326,19-02-2019 ?? 9:04:30,23,26,1,45.496,Hg-Arc,H,405,502.756,110.147
NOLSM6212327,19-02-2019 ?? 9:04:30,23,27,2,43.429,Hg-Arc,H,405,494.07,110.168
NOLSM622241,20-02-2019 ?? 9:04:30,24,1,3,52.835,Hg-Arc,H,405,503.96,109.546
NOLSM623242,20-02-2019 ?? 9:04:30,24,2,1,49.03,Hg-Arc,H,405,516.232,109.044
NOLSM624243,20-02-2019 ?? 9:04:30,24,3,2,49.301,Hg-Arc,H,405,505.089,109.058
NOLSM625244,20-02-2019 ?? 9:04:30,24,4,3,53.793,Hg-Arc,H,405,502.762,109.073
NOLSM626245,20-02-2019 ?? 9:04:30,24,5,1,48.297,Hg-Arc,H,405,503.169,109.068
NOLSM627246,20-02-2019 ?? 9:04:30,24,6,3,53.493,Hg-Arc,H,405,498.389,109.016
NOLSM628247,20-02-2019 ?? 9:04:30,24,7,1,48.595,Hg-Arc,H,405,510.306,109.055
NOLSM629248,20-02-2019 ?? 9:04:30,24,8,3,55.968,Hg-Arc,H,405,509.604,110.289
NOLSM630249,20-02-2019 ?? 9:04:30,24,9,1,46.246,Hg-Arc,H,405,510.506,109.876
NOLSM6312410,20-02-2019 ?? 9:04:30,24,10,2,50.42,Hg-Arc,H,405,508.17,110.493
NOLSM6322411,20-02-2019 ?? 9:04:30,24,11,3,50.833,Hg-Arc,H,405,494.681,110.65
NOLSM6332412,20-02-2019 ?? 9:04:30,24,12,1,47.903,Hg-Arc,H,405,514.739,109.223
NOLSM6342413,20-02-2019 ?? 9:04:30,24,13,3,54.367,Hg-Arc,H,405,508.309,109.296
NOLSM6352414,20-02-2019 ?? 9:04:30,24,14,1,48.128,Hg-Arc,H,405,508.704,109.117
NOLSM6362415,20-02-2019 ?? 9:04:30,24,15,2,48.257,Hg-Arc,H,405,499.89,109.157
NOLSM6372416,20-02-2019 ?? 9:04:30,24,16,3,56.745,Hg-Arc,H,405,507.749,108.508
NOLSM6382417,20-02-2019 ?? 9:04:30,24,17,2,47.979,Hg-Arc,H,405,501.808,109.211
NOLSM6392418,20-02-2019 ?? 9:04:30,24,18,3,57.05,Hg-Arc,H,405,508.53,108.452
NOLSM6402419,20-02-2019 ?? 9:04:30,24,19,1,49.564,Hg-Arc,H,405,514.864,108.944
NOLSM6412420,20-02-2019 ?? 9:04:30,24,20,3,55.576,Hg-Arc,H,405,511.264,109.011
NOLSM6422421,20-02-2019 ?? 9:04:30,24,21,1,48.845,Hg-Arc,H,405,513.053,109.038
NOLSM6432422,20-02-2019 ?? 9:04:30,24,22,2,48.324,Hg-Arc,H,405,513.13,109.912
NOLSM6442423,20-02-2019 ?? 9:04:30,24,23,3,53.728,Hg-Arc,H,405,505.909,109.309
NOLSM6452424,20-02-2019 ?? 9:04:30,24,24,1,47.749,Hg-Arc,H,405,509.381,109.183
NOLSM6462425,20-02-2019 ?? 9:04:30,24,25,2,50.093,Hg-Arc,H,405,512.074,109.011
NOLSM6472426,20-02-2019 ?? 9:04:30,24,26,3,61.368,Hg-Arc,H,405,519.636,107.591
NOLSM6482427,20-02-2019 ?? 9:04:30,24,27,1,57.386,Hg-Arc,H,405,518.219,107.789
NOLSM649251,21-02-2019 ?? 9:04:30,25,1,2,57.403,Hg-Arc,H,405,512.261,108.107
NOLSM650252,21-02-2019 ?? 9:04:30,25,2,3,69.025,Hg-Arc,H,405,504.412,106.524
NOLSM651253,21-02-2019 ?? 9:04:30,25,3,1,64.644,Hg-Arc,H,405,504.392,106.671
NOLSM652254,21-02-2019 ?? 9:04:30,25,4,2,67.347,Hg-Arc,H,405,504.214,106.714
NOLSM653255,21-02-2019 ?? 9:04:30,25,5,3,71.766,Hg-Arc,H,405,506.76,105.504
NOLSM654256,21-02-2019 ?? 9:04:30,25,6,1,62.728,Hg-Arc,H,405,503.366,106.95
NOLSM655257,21-02-2019 ?? 9:04:30,25,7,2,57.834,Hg-Arc,H,405,515.079,108.066
NOLSM656258,21-02-2019 ?? 9:04:30,25,8,3,58.547,Hg-Arc,H,405,505.267,108.184
NOLSM657259,21-02-2019 ?? 9:04:30,25,9,1,54.484,Hg-Arc,H,405,514.351,108.195
NOLSM6582510,21-02-2019 ?? 9:04:30,25,10,2,57.49,Hg-Arc,H,405,505.616,108.079
NOLSM6592511,21-02-2019 ?? 9:04:30,25,11,3,58.063,Hg-Arc,H,405,512.695,108.272
NOLSM6602512,21-02-2019 ?? 9:04:30,25,12,1,50.02,Hg-Arc,H,405,509.081,108.833
NOLSM6612513,21-02-2019 ?? 9:04:30,25,13,2,48.183,Hg-Arc,H,405,514.696,109.543
NOLSM6622514,21-02-2019 ?? 9:04:30,25,14,3,53.61,Hg-Arc,H,405,506.237,109.439
NOLSM6632515,21-02-2019 ?? 9:04:30,25,15,1,50.972,Hg-Arc,H,405,517.785,108.759
NOLSM6642516,21-02-2019 ?? 9:04:30,25,16,2,52.501,Hg-Arc,H,405,520.299,108.751
NOLSM6652517,21-02-2019 ?? 9:04:30,25,17,3,59.303,Hg-Arc,H,405,521.322,108.191
NOLSM6662518,21-02-2019 ?? 9:04:30,25,18,1,50.741,Hg-Arc,H,405,511.704,108.741
NOLSM6672519,21-02-2019 ?? 9:04:30,25,19,2,53.886,Hg-Arc,H,405,515.112,108.533
NOLSM6682520,21-02-2019 ?? 9:04:30,25,20,3,57.694,Hg-Arc,H,405,517.704,109.56
NOLSM6692521,21-02-2019 ?? 9:04:30,25,21,1,49.549,Hg-Arc,H,405,506.229,108.891
NOLSM6702522,21-02-2019 ?? 9:04:30,25,22,2,50.569,Hg-Arc,H,405,517.177,109.006
NOLSM6712523,21-02-2019 ?? 9:04:30,25,23,3,56.486,Hg-Arc,H,405,514.541,108.966
NOLSM6722524,21-02-2019 ?? 9:04:30,25,24,1,49.37,Hg-Arc,H,405,512.262,108.95
NOLSM6732525,21-02-2019 ?? 9:04:30,25,25,3,56.147,Hg-Arc,H,405,513.714,109.59
NOLSM6742526,21-02-2019 ?? 9:04:30,25,26,1,45.919,Hg-Arc,H,405,509.917,109.675
NOLSM6752527,21-02-2019 ?? 9:04:30,25,27,3,56.018,Hg-Arc,H,405,513.127,109.679
NOLSM676261,22-02-2019 ?? 9:04:30,26,1,1,46.51,Hg-Arc,H,405,513.166,109.705
NOLSM677262,22-02-2019 ?? 9:04:30,26,2,3,55.266,Hg-Arc,H,405,508.251,110.249
NOLSM678263,22-02-2019 ?? 9:04:30,26,3,1,51.201,Hg-Arc,H,405,518.033,110.26
NOLSM679264,22-02-2019 ?? 9:04:30,26,4,2,48.472,Hg-Arc,H,405,508.752,110.231
NOLSM680265,22-02-2019 ?? 9:04:30,26,5,3,57.166,Hg-Arc,H,405,511.851,110.369
NOLSM681266,22-02-2019 ?? 9:04:30,26,6,1,54.164,Hg-Arc,H,405,513.493,110.857
NOLSM682267,22-02-2019 ?? 9:04:30,26,7,2,56.267,Hg-Arc,H,405,512.855,110.866
NOLSM683268,22-02-2019 ?? 9:04:30,26,8,3,58.781,Hg-Arc,H,405,512.409,110.764
NOLSM684269,22-02-2019 ?? 9:04:30,26,9,1,52.511,Hg-Arc,H,405,508.852,110.863
NOLSM6852610,22-02-2019 ?? 9:04:30,26,10,2,52.717,Hg-Arc,H,405,506.429,110.82
NOLSM6862611,22-02-2019 ?? 9:04:30,26,11,3,57.235,Hg-Arc,H,405,508.916,110.701
NOLSM6872612,22-02-2019 ?? 9:04:30,26,12,1,54.258,Hg-Arc,H,405,514.94,110.788
NOLSM6882613,22-02-2019 ?? 9:04:30,26,13,2,56.404,Hg-Arc,H,405,515.305,110.746
NOLSM6892614,22-02-2019 ?? 9:04:30,26,14,3,57.353,Hg-Arc,H,405,509.664,110.657
NOLSM6902615,22-02-2019 ?? 9:04:30,26,15,1,50.005,Hg-Arc,H,405,508.186,110.568
NOLSM6912616,22-02-2019 ?? 9:04:30,26,16,2,50.959,Hg-Arc,H,405,509.796,110.469
NOLSM6922617,22-02-2019 ?? 9:04:30,26,17,3,59.032,Hg-Arc,H,405,516.204,110.436
NOLSM6932618,22-02-2019 ?? 9:04:30,26,18,1,50.527,Hg-Arc,H,405,514.286,110.36
NOLSM6942619,22-02-2019 ?? 9:04:30,26,19,2,60.929,Hg-Arc,H,405,513.875,111.466
NOLSM6952620,22-02-2019 ?? 9:04:30,26,20,3,52.751,Hg-Arc,H,405,499.603,110.59
NOLSM6962621,22-02-2019 ?? 9:04:30,26,21,1,48.958,Hg-Arc,H,405,507.852,110.453
NOLSM6972622,22-02-2019 ?? 9:04:30,26,22,2,46.75,Hg-Arc,H,405,503.27,110.296
NOLSM6982623,22-02-2019 ?? 9:04:30,26,23,3,52.937,Hg-Arc,H,405,503.04,110.208
NOLSM6992624,22-02-2019 ?? 9:04:30,26,24,1,47.183,Hg-Arc,H,405,512.581,109.978
NOLSM7002625,22-02-2019 ?? 9:04:30,26,25,2,46.103,Hg-Arc,H,405,505.509,109.978
NOLSM7012626,22-02-2019 ?? 9:04:30,26,26,3,53.813,Hg-Arc,H,405,505.441,109.221
NOLSM7022627,22-02-2019 ?? 9:04:30,26,27,1,46.438,Hg-Arc,H,405,507.155,109.398
NOLSM704272,23-02-2019 ?? 9:04:30,27,2,3,50.69,Hg-Arc,H,405,495.893,109.608
NOLSM705273,23-02-2019 ?? 9:04:30,27,3,1,45.881,Hg-Arc,H,405,501.478,110.278
NOLSM706274,23-02-2019 ?? 9:04:30,27,4,2,46.634,Hg-Arc,H,405,508.483,109.768
NOLSM707275,23-02-2019 ?? 9:04:30,27,5,3,58.646,Hg-Arc,H,405,507.993,108.156
NOLSM708276,23-02-2019 ?? 9:04:30,27,6,1,53.889,Hg-Arc,H,405,511.276,108.262
NOLSM709277,23-02-2019 ?? 9:04:30,27,7,2,58.581,Hg-Arc,H,405,506.76,107.953
NOLSM710278,23-02-2019 ?? 9:04:30,27,8,3,62.855,Hg-Arc,H,405,523.396,107.284
NOLSM711279,23-02-2019 ?? 9:04:30,27,9,1,60.637,Hg-Arc,H,405,516.498,107.306
NOLSM7122710,23-02-2019 ?? 9:04:30,27,10,2,64.86,Hg-Arc,H,405,521.642,107.241
NOLSM7132711,23-02-2019 ?? 9:04:30,27,11,3,62.975,Hg-Arc,H,405,521.579,107.288
NOLSM7142712,23-02-2019 ?? 9:04:30,27,12,1,60.745,Hg-Arc,H,405,521.477,107.325
NOLSM7152713,23-02-2019 ?? 9:04:30,27,13,2,54.352,Hg-Arc,H,405,509.597,108.454
NOLSM7162714,23-02-2019 ?? 9:04:30,27,14,3,58.799,Hg-Arc,H,405,520.005,108.315
NOLSM7172715,23-02-2019 ?? 9:04:30,27,15,1,58.058,Hg-Arc,H,405,520.787,107.713
NOLSM7182716,23-02-2019 ?? 9:04:30,27,16,3,60.924,Hg-Arc,H,405,521.375,107.676
NOLSM7192717,23-02-2019 ?? 9:04:30,27,17,1,62.882,Hg-Arc,H,405,507.903,106.946
NOLSM7202718,23-02-2019 ?? 9:04:30,27,18,2,55.138,Hg-Arc,H,405,509.286,108.361
NOLSM7212719,23-02-2019 ?? 9:04:30,27,19,1,57.793,Hg-Arc,H,405,516.043,107.711
NOLSM7222720,23-02-2019 ?? 9:04:30,27,20,3,60.378,Hg-Arc,H,405,520.129,107.796
NOLSM7232721,23-02-2019 ?? 9:04:30,27,21,1,53.136,Hg-Arc,H,405,508.784,108.361
NOLSM7242722,23-02-2019 ?? 9:04:30,27,22,2,60.551,Hg-Arc,H,405,520.598,107.767
NOLSM7252723,23-02-2019 ?? 9:04:30,27,23,3,60.87,Hg-Arc,H,405,516.572,107.709
NOLSM7262724,23-02-2019 ?? 9:04:30,27,24,1,56.873,Hg-Arc,H,405,505.309,107.784
NOLSM7272725,23-02-2019 ?? 9:04:30,27,25,2,60.919,Hg-Arc,H,405,519.998,107.722
NOLSM7282726,23-02-2019 ?? 9:04:30,27,26,3,60.877,Hg-Arc,H,405,519.03,107.689
NOLSM7292727,23-02-2019 ?? 9:04:30,27,27,1,54.172,Hg-Arc,H,405,513.006,108.231
NOLSM730281,24-02-2019 ?? 9:04:30,28,1,2,52.115,Hg-Arc,H,405,518.52,108.787
NOLSM731282,24-02-2019 ?? 9:04:30,28,2,3,54.149,Hg-Arc,H,405,501.252,108.945
NOLSM732283,24-02-2019 ?? 9:04:30,28,3,1,55.039,Hg-Arc,H,405,505.911,108.057
NOLSM733284,24-02-2019 ?? 9:04:30,28,4,2,53.721,Hg-Arc,H,405,521.053,108.59
NOLSM734285,24-02-2019 ?? 9:04:30,28,5,3,57.992,Hg-Arc,H,405,518.858,108.69
NOLSM735286,24-02-2019 ?? 9:04:30,28,6,1,47.802,Hg-Arc,H,405,514.913,109.247
NOLSM736287,24-02-2019 ?? 9:04:30,28,7,2,48.059,Hg-Arc,H,405,510.959,109.347
NOLSM737288,24-02-2019 ?? 9:04:30,28,8,3,43.899,Hg-Arc,I,365,464.994,109.971
NOLSM738289,24-02-2019 ?? 9:04:30,28,9,1,54.947,Hg-Arc,I,365,478.745,109.048
NOLSM7392810,24-02-2019 ?? 9:04:30,28,10,2,45.406,Hg-Arc,I,365,472.416,108.769
NOLSM7402811,24-02-2019 ?? 9:04:30,28,11,3,41.928,Hg-Arc,I,365,474.589,108.643
NOLSM7412812,24-02-2019 ?? 9:04:30,28,12,1,48.646,Hg-Arc,I,365,473.707,108.626
NOLSM7422813,24-02-2019 ?? 9:04:30,28,13,2,46.855,Hg-Arc,I,365,478.684,108.5
NOLSM7432814,24-02-2019 ?? 9:04:30,28,14,3,38.535,Hg-Arc,I,365,466.091,108.45
NOLSM7442815,24-02-2019 ?? 9:04:30,28,15,1,46.565,Hg-Arc,I,365,475.186,108.282
NOLSM7452816,24-02-2019 ?? 9:04:30,28,16,2,39.769,Hg-Arc,I,365,467.049,108.361
NOLSM7462817,24-02-2019 ?? 9:04:30,28,17,3,38.212,Hg-Arc,I,365,470.372,107.954
NOLSM7472818,24-02-2019 ?? 9:04:30,28,18,1,43.699,Hg-Arc,I,365,474.855,107.961
NOLSM7482819,24-02-2019 ?? 9:04:30,28,19,2,35.76,Hg-Arc,I,365,464.567,107.98
NOLSM7492820,24-02-2019 ?? 9:04:30,28,20,3,40.919,Hg-Arc,I,365,479.261,107.893
NOLSM7502821,24-02-2019 ?? 9:04:30,28,21,1,45.597,Hg-Arc,I,365,478.54,107.908
NOLSM7512822,24-02-2019 ?? 9:04:30,28,22,2,24.261,Hg-Arc,I,365,464.043,106.186
NOLSM7522823,24-02-2019 ?? 9:04:30,28,23,3,36.631,Hg-Arc,I,365,478.127,106.857
NOLSM7532824,24-02-2019 ?? 9:04:30,28,24,1,30.602,Hg-Arc,I,365,466.585,106.898
NOLSM7542825,24-02-2019 ?? 9:04:30,28,25,2,40.624,Hg-Arc,I,365,471.588,108.046
NOLSM7552826,24-02-2019 ?? 9:04:30,28,26,3,37.584,Hg-Arc,I,365,465.359,108.265
NOLSM7562827,24-02-2019 ?? 9:04:30,28,27,2,24.633,Hg-Arc,I,365,465.004,106.136
NOLSM757291,25-02-2019 ?? 9:04:30,29,1,3,35.7,Hg-Arc,I,365,474.987,106.911
NOLSM758292,25-02-2019 ?? 9:04:30,29,2,1,39.348,Hg-Arc,I,365,479.437,106.964
NOLSM759293,25-02-2019 ?? 9:04:30,29,3,2,30.315,Hg-Arc,I,365,464.943,107.066
NOLSM760294,25-02-2019 ?? 9:04:30,29,4,3,35.121,Hg-Arc,I,365,472.991,106.953
NOLSM761295,25-02-2019 ?? 9:04:30,29,5,1,33.399,Hg-Arc,I,365,476.077,106.394
NOLSM762296,25-02-2019 ?? 9:04:30,29,6,2,23.047,Hg-Arc,I,365,466.954,105.637
NOLSM763297,25-02-2019 ?? 9:04:30,29,7,3,29.141,Hg-Arc,I,365,470.815,105.863
NOLSM764298,25-02-2019 ?? 9:04:30,29,8,1,32.198,Hg-Arc,I,365,480.696,105.669
NOLSM765299,25-02-2019 ?? 9:04:30,29,9,2,20.124,Hg-Arc,I,365,469.636,104.745
NOLSM7662910,25-02-2019 ?? 9:04:30,29,10,3,25.046,Hg-Arc,I,365,474.479,104.604
NOLSM7672911,25-02-2019 ?? 9:04:30,29,11,1,18.951,Hg-Arc,I,365,466.898,104.45
NOLSM7682912,25-02-2019 ?? 9:04:30,29,12,2,17.932,Hg-Arc,I,365,467.53,104.529
NOLSM7692913,25-02-2019 ?? 9:04:30,29,13,3,23.805,Hg-Arc,I,365,468.908,104.882
NOLSM7702914,25-02-2019 ?? 9:04:30,29,14,1,34.443,Hg-Arc,I,365,484.872,105.558
NOLSM7712915,25-02-2019 ?? 9:04:30,29,15,2,28.852,Hg-Arc,I,365,469.146,106.354
NOLSM7722916,25-02-2019 ?? 9:04:30,29,16,1,29.796,Hg-Arc,I,365,473.629,106.058
NOLSM7732917,25-02-2019 ?? 9:04:30,29,17,2,19.976,Hg-Arc,I,365,463.711,105.467
NOLSM7742918,25-02-2019 ?? 9:04:30,29,18,3,36.248,Hg-Arc,I,365,480.324,106.577
NOLSM7752919,25-02-2019 ?? 9:04:30,29,19,1,35.278,Hg-Arc,I,365,470.662,107.212
NOLSM7762920,25-02-2019 ?? 9:04:30,29,20,2,42.665,Hg-Arc,I,365,484.878,107.193
NOLSM7772921,25-02-2019 ?? 9:04:30,29,21,3,38.165,Hg-Arc,I,365,483.527,106.763
NOLSM7782922,25-02-2019 ?? 9:04:30,29,22,1,34.689,Hg-Arc,I,365,474.257,106.786
NOLSM7792923,25-02-2019 ?? 9:04:30,29,23,3,35.697,Hg-Arc,I,365,478.308,106.622
NOLSM7802924,25-02-2019 ?? 9:04:30,29,24,1,39.629,Hg-Arc,I,365,486.337,106.24
NOLSM7812925,25-02-2019 ?? 9:04:30,29,25,3,32.166,Hg-Arc,I,365,474.619,106.161
NOLSM7822926,25-02-2019 ?? 9:04:30,29,26,1,20.921,Hg-Arc,I,365,466.058,105.087
NOLSM7832927,25-02-2019 ?? 9:04:30,29,27,2,31.927,Hg-Arc,I,365,481.671,105.572
NOLSM784301,26-02-2019 ?? 9:04:30,30,1,3,33.419,Hg-Arc,I,365,478.63,106.083
NOLSM785302,26-02-2019 ?? 9:04:30,30,2,1,29.806,Hg-Arc,I,365,473.637,106.059
NOLSM786303,26-02-2019 ?? 9:04:30,30,3,2,24.694,Hg-Arc,I,365,474.724,105.028
NOLSM787304,26-02-2019 ?? 9:04:30,30,4,3,27.774,Hg-Arc,I,365,476.321,105.053
NOLSM788305,26-02-2019 ?? 9:04:30,30,5,1,23.196,Hg-Arc,I,365,474.334,104.697
NOLSM789306,26-02-2019 ?? 9:04:30,30,6,2,25.474,Hg-Arc,I,365,470.978,105.589
NOLSM790307,26-02-2019 ?? 9:04:30,30,7,3,32.474,Hg-Arc,I,365,482.559,105.531
NOLSM791308,26-02-2019 ?? 9:04:30,30,8,1,23.28,Hg-Arc,I,365,465.642,105.675
NOLSM792309,26-02-2019 ?? 9:04:30,30,9,3,26.13,Hg-Arc,I,365,472.762,105.026
NOLSM7933010,26-02-2019 ?? 9:04:30,30,10,1,25.252,Hg-Arc,I,365,474.542,105.109
NOLSM7943011,26-02-2019 ?? 9:04:30,30,11,2,16.863,Hg-Arc,I,365,461.4,105.119
NOLSM7953012,26-02-2019 ?? 9:04:30,30,12,3,33.163,Hg-Arc,I,365,478.497,106.038
NOLSM7963013,26-02-2019 ?? 9:04:30,30,13,1,27.45,Hg-Arc,I,365,470.408,105.989
NOLSM7973014,26-02-2019 ?? 9:04:30,30,14,2,21.918,Hg-Arc,I,365,470.267,105.03
NOLSM7983015,26-02-2019 ?? 9:04:30,30,15,3,24.929,Hg-Arc,I,365,468.539,105.178
NOLSM7993016,26-02-2019 ?? 9:04:30,30,16,1,23.964,Hg-Arc,I,365,476.357,104.632
NOLSM8003017,26-02-2019 ?? 9:04:30,30,17,2,17.483,Hg-Arc,I,365,467.074,104.482
NOLSM8013018,26-02-2019 ?? 9:04:30,30,18,3,24.19,Hg-Arc,I,365,473.322,104.514
NOLSM8023019,26-02-2019 ?? 9:04:30,30,19,1,28.003,Hg-Arc,I,365,484.377,104.522
NOLSM8033020,26-02-2019 ?? 9:04:30,30,20,3,32.571,Hg-Arc,I,365,471.127,106.557
NOLSM8043021,26-02-2019 ?? 9:04:30,30,21,1,27.001,Hg-Arc,I,365,474.712,105.431
NOLSM8053022,26-02-2019 ?? 9:04:30,30,22,2,26.405,Hg-Arc,I,365,473.305,105.487
NOLSM8063023,26-02-2019 ?? 9:04:30,30,23,3,33.584,Hg-Arc,I,365,485.04,105.565
NOLSM8073024,26-02-2019 ?? 9:04:30,30,24,1,27.444,Hg-Arc,I,365,474.416,105.548
NOLSM8083025,26-02-2019 ?? 9:04:30,30,25,2,39.593,Hg-Arc,I,365,471.247,107.904
NOLSM8093026,26-02-2019 ?? 9:04:30,30,26,3,32.371,Hg-Arc,I,365,475.791,106.102
NOLSM8103027,26-02-2019 ?? 9:04:30,30,27,1,44.268,Hg-Arc,I,365,488.862,106.709
NOLSM811311,27-02-2019 ?? 9:04:30,31,1,2,26.291,Hg-Arc,I,365,462.014,106.754
NOLSM812312,27-02-2019 ?? 9:04:30,31,2,3,32.655,Hg-Arc,I,365,472.663,106.438
NOLSM813313,27-02-2019 ?? 9:04:30,31,3,1,28.188,Hg-Arc,I,365,467.154,106.453
NOLSM814314,27-02-2019 ?? 9:04:30,31,4,2,23.753,Hg-Arc,I,365,474.423,104.887
NOLSM815315,27-02-2019 ?? 9:04:30,31,5,3,34.687,Hg-Arc,I,365,477.185,106.489
NOLSM816316,27-02-2019 ?? 9:04:30,31,6,1,44.577,Hg-Arc,I,365,490.555,106.568
NOLSM817317,27-02-2019 ?? 9:04:30,31,7,2,31.605,Hg-Arc,I,365,476.248,106.04
NOLSM818318,27-02-2019 ?? 9:04:30,31,8,3,33.561,Hg-Arc,I,365,480.39,105.961
NOLSM819319,27-02-2019 ?? 9:04:30,31,9,1,25.694,Hg-Arc,I,365,472.037,105.48
NOLSM8203110,27-02-2019 ?? 9:04:30,31,10,2,24.79,Hg-Arc,I,365,477.727,104.72
NOLSM8213111,27-02-2019 ?? 9:04:30,31,11,1,31.591,Hg-Arc,I,365,482.943,105.303
NOLSM8223112,27-02-2019 ?? 9:04:30,31,12,3,33.893,Hg-Arc,I,365,493.059,104.968
NOLSM8233113,27-02-2019 ?? 9:04:30,31,13,1,35.004,Hg-Arc,I,365,485.441,105.584
NOLSM8243114,27-02-2019 ?? 9:04:30,31,14,2,30.954,Hg-Arc,I,365,487.383,104.941
NOLSM8253115,27-02-2019 ?? 9:04:30,31,15,3,28.565,Hg-Arc,I,365,471.605,105.668
NOLSM8263116,27-02-2019 ?? 9:04:30,31,16,1,27.444,Hg-Arc,I,365,479.987,104.907
NOLSM8273117,27-02-2019 ?? 9:04:30,31,17,3,26.326,Hg-Arc,I,365,469.12,105.427
NOLSM8283118,27-02-2019 ?? 9:04:30,31,18,1,33.115,Hg-Arc,I,365,483.223,105.528
NOLSM8293119,27-02-2019 ?? 9:04:30,31,19,2,22.537,Hg-Arc,I,365,470.396,105.132
NOLSM8303120,27-02-2019 ?? 9:04:30,31,20,3,27.172,Hg-Arc,I,365,473.291,105.207
NOLSM8313121,27-02-2019 ?? 9:04:30,31,21,1,34.823,Hg-Arc,I,365,479.286,106.272
NOLSM8323122,27-02-2019 ?? 9:04:30,31,22,2,30.776,Hg-Arc,I,365,472.217,106.328
NOLSM8333123,27-02-2019 ?? 9:04:30,31,23,3,33.777,Hg-Arc,I,365,473.417,106.615
NOLSM8343124,27-02-2019 ?? 9:04:30,31,24,1,48.896,Hg-Arc,I,365,482.215,108.036
NOLSM8353125,27-02-2019 ?? 9:04:30,31,25,2,36.025,Hg-Arc,I,365,469.93,107.441
NOLSM8363126,27-02-2019 ?? 9:04:30,31,26,3,39.751,Hg-Arc,I,365,480.764,107.419
NOLSM8373127,27-02-2019 ?? 9:04:30,31,27,1,31.188,Hg-Arc,I,365,471.539,106.512
NOLSM838321,28-02-2019 ?? 9:04:30,32,1,2,31.064,Hg-Arc,I,365,469.44,106.68
NOLSM839322,28-02-2019 ?? 9:04:30,32,2,3,34.809,Hg-Arc,I,365,472.467,106.929
NOLSM840323,28-02-2019 ?? 9:04:30,32,3,1,38.514,Hg-Arc,I,365,470.478,107.659
NOLSM841324,28-02-2019 ?? 9:04:30,32,4,2,31.605,Hg-Arc,I,365,460.719,107.748
NOLSM842325,28-02-2019 ?? 9:04:30,32,5,3,34.303,Hg-Arc,I,365,472.83,106.783
NOLSM843326,28-02-2019 ?? 9:04:30,32,6,1,35.4,Hg-Arc,I,365,474.027,106.916
NOLSM844327,28-02-2019 ?? 9:04:30,32,7,2,31.265,Hg-Arc,I,365,472.243,106.405
NOLSM845328,28-02-2019 ?? 9:04:30,32,8,3,33.199,Hg-Arc,I,365,472.83,106.541
NOLSM846329,28-02-2019 ?? 9:04:30,32,9,1,35.404,Hg-Arc,I,365,477.914,106.517
NOLSM8473210,28-02-2019 ?? 9:04:30,32,10,2,31.011,Hg-Arc,I,365,470.446,106.56
NOLSM8483211,28-02-2019 ?? 9:04:30,32,11,3,32.525,Hg-Arc,I,365,468.93,106.744
NOLSM8493212,28-02-2019 ?? 9:04:30,32,12,1,28.001,Hg-Arc,I,365,469.586,106.174
NOLSM8503213,28-02-2019 ?? 9:04:30,32,13,2,32.11,Hg-Arc,I,365,476.399,106.108
NOLSM8513214,28-02-2019 ?? 9:04:30,32,14,3,35.822,Hg-Arc,I,365,476.997,106.765
NOLSM8523215,28-02-2019 ?? 9:04:30,32,15,1,30.007,Hg-Arc,I,365,468.672,106.606
